image_id,fold
train_00001.png,1
train_00002.png,1
train_00003.png,0
train_00004.png,4
train_00005.png,4
train_00006.png,4
train_00007.png,3
train_00008.png,2
train_00009.png,0
train_00010.png,1
train_00011.png,3
train_00012.png,0
train_00013.png,2
train_00014.png,0
train_00015.png,3
train_00016.png,0
train_00017.png,0
train_00018.png,2
train_00019.png,3
train_00020.png,4
train_00021.png,4
train_00022.png,3
train_00023.png,0
train_00024.png,4
train_00025.png,4
train_00026.png,0
train_00027.png,1
train_00028.png,1
train_00029.png,3
train_00030.png,3
train_00031.png,0
train_00032.png,0
train_00033.png,0
train_00034.png,3
train_00035.png,3
train_00036.png,4
train_00037.png,3
train_00038.png,2
train_00039.png,0
train_00040.png,3
train_00041.png,0
train_00042.png,3
train_00043.png,0
train_00044.png,3
train_00045.png,4
train_00046.png,0
train_00047.png,1
train_00048.png,3
train_00049.png,1
train_00050.png,4
train_00051.png,3
train_00052.png,1
train_00053.png,0
train_00054.png,3
train_00055.png,1
train_00056.png,1
train_00057.png,2
train_00058.png,1
train_00059.png,0
train_00060.png,1
train_00061.png,4
train_00062.png,1
train_00063.png,4
train_00064.png,1
train_00065.png,0
train_00066.png,2
train_00067.png,4
train_00068.png,2
train_00069.png,3
train_00070.png,4
train_00071.png,3
train_00072.png,1
train_00073.png,0
train_00074.png,0
train_00075.png,2
train_00076.png,4
train_00077.png,3
train_00078.png,3
train_00079.png,3
train_00080.png,0
train_00081.png,1
train_00082.png,0
train_00083.png,2
train_00084.png,0
train_00085.png,3
train_00086.png,0
train_00087.png,4
train_00088.png,4
train_00089.png,1
train_00090.png,1
train_00091.png,4
train_00092.png,1
train_00093.png,0
train_00094.png,2
train_00095.png,3
train_00096.png,0
train_00097.png,2
train_00098.png,3
train_00099.png,4
train_00100.png,1
train_00101.png,2
train_00102.png,1
train_00103.png,3
train_00104.png,0
train_00105.png,3
train_00106.png,3
train_00107.png,3
train_00108.png,3
train_00109.png,1
train_00110.png,0
train_00111.png,3
train_00112.png,3
train_00113.png,3
train_00114.png,2
train_00115.png,0
train_00116.png,0
train_00117.png,4
train_00118.png,3
train_00119.png,3
train_00120.png,0
train_00121.png,2
train_00122.png,2
train_00123.png,4
train_00124.png,2
train_00125.png,2
train_00126.png,3
train_00127.png,2
train_00128.png,2
train_00129.png,2
train_00130.png,2
train_00131.png,3
train_00132.png,1
train_00133.png,4
train_00134.png,3
train_00135.png,3
train_00136.png,0
train_00137.png,4
train_00138.png,4
train_00139.png,3
train_00140.png,1
train_00141.png,0
train_00142.png,3
train_00143.png,2
train_00144.png,1
train_00145.png,1
train_00146.png,4
train_00147.png,2
train_00148.png,2
train_00149.png,3
train_00150.png,1
train_00151.png,2
train_00152.png,0
train_00153.png,1
train_00154.png,0
train_00155.png,1
train_00156.png,4
train_00157.png,2
train_00158.png,0
train_00159.png,3
train_00160.png,1
train_00161.png,3
train_00162.png,4
train_00163.png,1
train_00164.png,1
train_00165.png,3
train_00166.png,4
train_00167.png,0
train_00168.png,3
train_00169.png,0
train_00170.png,1
train_00171.png,2
train_00172.png,2
train_00173.png,3
train_00174.png,1
train_00175.png,0
train_00176.png,3
train_00177.png,0
train_00178.png,1
train_00179.png,4
train_00180.png,2
train_00181.png,1
train_00182.png,2
train_00183.png,1
train_00184.png,1
train_00185.png,1
train_00186.png,2
train_00187.png,0
train_00188.png,1
train_00189.png,1
train_00190.png,3
train_00191.png,2
train_00192.png,2
train_00193.png,1
train_00194.png,1
train_00195.png,1
train_00196.png,3
train_00197.png,4
train_00198.png,2
train_00199.png,4
train_00200.png,4
train_00201.png,0
train_00202.png,0
train_00203.png,0
train_00204.png,3
train_00205.png,0
train_00206.png,1
train_00207.png,0
train_00208.png,3
train_00209.png,0
train_00210.png,1
train_00211.png,0
train_00212.png,2
train_00213.png,1
train_00214.png,0
train_00215.png,4
train_00216.png,1
train_00217.png,0
train_00218.png,1
train_00219.png,0
train_00220.png,4
train_00221.png,0
train_00222.png,1
train_00223.png,4
train_00224.png,3
train_00225.png,2
train_00226.png,1
train_00227.png,1
train_00228.png,2
train_00229.png,4
train_00230.png,1
train_00231.png,4
train_00232.png,0
train_00233.png,0
train_00234.png,3
train_00235.png,4
train_00236.png,4
train_00237.png,3
train_00238.png,4
train_00239.png,0
train_00240.png,2
train_00241.png,0
train_00242.png,4
train_00243.png,4
train_00244.png,2
train_00245.png,4
train_00246.png,3
train_00247.png,4
train_00248.png,4
train_00249.png,1
train_00250.png,2
train_00251.png,0
train_00252.png,3
train_00253.png,0
train_00254.png,0
train_00255.png,2
train_00256.png,4
train_00257.png,2
train_00258.png,2
train_00259.png,0
train_00260.png,3
train_00261.png,1
train_00262.png,4
train_00263.png,0
train_00264.png,3
train_00265.png,2
train_00266.png,4
train_00267.png,4
train_00268.png,1
train_00269.png,0
train_00270.png,4
train_00271.png,0
train_00272.png,1
train_00273.png,4
train_00274.png,2
train_00275.png,3
train_00276.png,4
train_00277.png,0
train_00278.png,2
train_00279.png,0
train_00280.png,4
train_00281.png,0
train_00282.png,2
train_00283.png,4
train_00284.png,3
train_00285.png,1
train_00286.png,3
train_00287.png,1
train_00288.png,3
train_00289.png,1
train_00290.png,4
train_00291.png,4
train_00292.png,4
train_00293.png,1
train_00294.png,2
train_00295.png,4
train_00296.png,4
train_00297.png,2
train_00298.png,1
train_00299.png,2
train_00300.png,3
train_00301.png,4
train_00302.png,2
train_00303.png,3
train_00304.png,0
train_00305.png,0
train_00306.png,3
train_00307.png,2
train_00308.png,3
train_00309.png,0
train_00310.png,3
train_00311.png,1
train_00312.png,4
train_00313.png,4
train_00314.png,2
train_00315.png,4
train_00316.png,1
train_00317.png,0
train_00318.png,4
train_00319.png,2
train_00320.png,0
train_00321.png,2
train_00322.png,2
train_00323.png,1
train_00324.png,0
train_00325.png,2
train_00326.png,4
train_00327.png,4
train_00328.png,2
train_00329.png,0
train_00330.png,0
train_00331.png,0
train_00332.png,2
train_00333.png,1
train_00334.png,2
train_00335.png,1
train_00336.png,1
train_00337.png,0
train_00338.png,4
train_00339.png,2
train_00340.png,4
train_00341.png,2
train_00342.png,4
train_00343.png,1
train_00344.png,4
train_00345.png,4
train_00346.png,3
train_00347.png,4
train_00348.png,4
train_00349.png,1
train_00350.png,4
train_00351.png,4
train_00352.png,1
train_00353.png,4
train_00354.png,1
train_00355.png,1
train_00356.png,0
train_00357.png,4
train_00358.png,2
train_00359.png,0
train_00360.png,0
train_00361.png,2
train_00362.png,2
train_00363.png,0
train_00364.png,4
train_00365.png,2
train_00366.png,0
train_00367.png,0
train_00368.png,4
train_00369.png,3
train_00370.png,3
train_00371.png,1
train_00372.png,3
train_00373.png,4
train_00374.png,2
train_00375.png,3
train_00376.png,1
train_00377.png,4
train_00378.png,1
train_00379.png,0
train_00380.png,0
train_00381.png,0
train_00382.png,4
train_00383.png,0
train_00384.png,1
train_00385.png,3
train_00386.png,2
train_00387.png,1
train_00388.png,4
train_00389.png,4
train_00390.png,0
train_00391.png,0
train_00392.png,3
train_00393.png,4
train_00394.png,2
train_00395.png,3
train_00396.png,2
train_00397.png,4
train_00398.png,2
train_00399.png,1
train_00400.png,3
train_00401.png,1
train_00402.png,2
train_00403.png,3
train_00404.png,0
train_00405.png,3
train_00406.png,3
train_00407.png,2
train_00408.png,3
train_00409.png,4
train_00410.png,1
train_00411.png,4
train_00412.png,4
train_00413.png,4
train_00414.png,0
train_00415.png,1
train_00416.png,0
train_00417.png,4
train_00418.png,4
train_00419.png,2
train_00420.png,3
train_00421.png,2
train_00422.png,0
train_00423.png,3
train_00424.png,1
train_00425.png,2
train_00426.png,1
train_00427.png,0
train_00428.png,2
train_00429.png,0
train_00430.png,3
train_00431.png,1
train_00432.png,0
train_00433.png,0
train_00434.png,3
train_00435.png,1
train_00436.png,1
train_00437.png,0
train_00438.png,1
train_00439.png,2
train_00440.png,0
train_00441.png,0
train_00442.png,3
train_00443.png,0
train_00444.png,3
train_00445.png,4
train_00446.png,1
train_00447.png,2
train_00448.png,2
train_00449.png,3
train_00450.png,2
train_00451.png,4
train_00452.png,0
train_00453.png,1
train_00454.png,2
train_00455.png,1
train_00456.png,4
train_00457.png,2
train_00458.png,0
train_00459.png,1
train_00460.png,3
train_00461.png,0
train_00462.png,0
train_00463.png,1
train_00464.png,1
train_00465.png,0
train_00466.png,2
train_00467.png,4
train_00468.png,0
train_00469.png,1
train_00470.png,1
train_00471.png,2
train_00472.png,4
train_00473.png,3
train_00474.png,1
train_00475.png,3
train_00476.png,3
train_00477.png,3
train_00478.png,3
train_00479.png,1
train_00480.png,1
train_00481.png,3
train_00482.png,3
train_00483.png,3
train_00484.png,1
train_00485.png,3
train_00486.png,3
train_00487.png,0
train_00488.png,3
train_00489.png,0
train_00490.png,0
train_00491.png,0
train_00492.png,2
train_00493.png,0
train_00494.png,3
train_00495.png,2
train_00496.png,2
train_00497.png,2
train_00498.png,1
train_00499.png,3
train_00500.png,1
train_00501.png,2
train_00502.png,4
train_00503.png,2
train_00504.png,0
train_00505.png,0
train_00506.png,1
train_00507.png,3
train_00508.png,3
train_00509.png,2
train_00510.png,4
train_00511.png,3
train_00512.png,3
train_00513.png,0
train_00514.png,2
train_00515.png,1
train_00516.png,1
train_00517.png,2
train_00518.png,3
train_00519.png,4
train_00520.png,1
train_00521.png,4
train_00522.png,1
train_00523.png,4
train_00524.png,1
train_00525.png,4
train_00526.png,2
train_00527.png,3
train_00528.png,3
train_00529.png,0
train_00530.png,4
train_00531.png,1
train_00532.png,2
train_00533.png,4
train_00534.png,3
train_00535.png,2
train_00536.png,4
train_00537.png,1
train_00538.png,0
train_00539.png,4
train_00540.png,3
train_00541.png,2
train_00542.png,1
train_00543.png,0
train_00544.png,0
train_00545.png,3
train_00546.png,4
train_00547.png,0
train_00548.png,3
train_00549.png,4
train_00550.png,2
train_00551.png,4
train_00552.png,3
train_00553.png,3
train_00554.png,2
train_00555.png,3
train_00556.png,0
train_00557.png,4
train_00558.png,3
train_00559.png,4
train_00560.png,1
train_00561.png,1
train_00562.png,1
train_00563.png,0
train_00564.png,4
train_00565.png,4
train_00566.png,4
train_00567.png,3
train_00568.png,1
train_00569.png,2
train_00570.png,4
train_00571.png,2
train_00572.png,0
train_00573.png,0
train_00574.png,1
train_00575.png,2
train_00576.png,2
train_00577.png,1
train_00578.png,3
train_00579.png,3
train_00580.png,0
train_00581.png,2
train_00582.png,3
train_00583.png,4
train_00584.png,3
train_00585.png,4
train_00586.png,3
train_00587.png,3
train_00588.png,1
train_00589.png,4
train_00590.png,2
train_00591.png,2
train_00592.png,1
train_00593.png,2
train_00594.png,3
train_00595.png,3
train_00596.png,0
train_00597.png,3
train_00598.png,3
train_00599.png,0
train_00600.png,0
train_00601.png,1
train_00602.png,2
train_00603.png,0
train_00604.png,0
train_00605.png,0
train_00606.png,1
train_00607.png,3
train_00608.png,1
train_00609.png,2
train_00610.png,4
train_00611.png,2
train_00612.png,2
train_00613.png,0
train_00614.png,2
train_00615.png,1
train_00616.png,4
train_00617.png,1
train_00618.png,3
train_00619.png,3
train_00620.png,2
train_00621.png,4
train_00622.png,3
train_00623.png,1
train_00624.png,2
train_00625.png,0
train_00626.png,0
train_00627.png,2
train_00628.png,3
train_00629.png,3
train_00630.png,1
train_00631.png,2
train_00632.png,1
train_00633.png,2
train_00634.png,3
train_00635.png,4
train_00636.png,2
train_00637.png,2
train_00638.png,4
train_00639.png,2
train_00640.png,1
train_00641.png,3
train_00642.png,0
train_00643.png,4
train_00644.png,4
train_00645.png,3
train_00646.png,4
train_00647.png,1
train_00648.png,0
train_00649.png,4
train_00650.png,2
train_00651.png,0
train_00652.png,1
train_00653.png,3
train_00654.png,0
train_00655.png,0
train_00656.png,1
train_00657.png,3
train_00658.png,0
train_00659.png,4
train_00660.png,3
train_00661.png,0
train_00662.png,3
train_00663.png,1
train_00664.png,1
train_00665.png,0
train_00666.png,1
train_00667.png,3
train_00668.png,2
train_00669.png,3
train_00670.png,0
train_00671.png,4
train_00672.png,2
train_00673.png,1
train_00674.png,4
train_00675.png,3
train_00676.png,1
train_00677.png,0
train_00678.png,3
train_00679.png,3
train_00680.png,4
train_00681.png,0
train_00682.png,0
train_00683.png,1
train_00684.png,1
train_00685.png,1
train_00686.png,1
train_00687.png,4
train_00688.png,1
train_00689.png,4
train_00690.png,4
train_00691.png,2
train_00692.png,3
train_00693.png,1
train_00694.png,0
train_00695.png,4
train_00696.png,1
train_00697.png,0
train_00698.png,1
train_00699.png,1
train_00700.png,3
train_00701.png,1
train_00702.png,2
train_00703.png,1
train_00704.png,3
train_00705.png,3
train_00706.png,2
train_00707.png,3
train_00708.png,2
train_00709.png,3
train_00710.png,2
train_00711.png,1
train_00712.png,0
train_00713.png,4
train_00714.png,3
train_00715.png,3
train_00716.png,4
train_00717.png,2
train_00718.png,4
train_00719.png,3
train_00720.png,1
train_00721.png,3
train_00722.png,3
train_00723.png,4
train_00724.png,3
train_00725.png,4
train_00726.png,0
train_00727.png,2
train_00728.png,1
train_00729.png,0
train_00730.png,3
train_00731.png,3
train_00732.png,1
train_00733.png,2
train_00734.png,1
train_00735.png,3
train_00736.png,4
train_00737.png,2
train_00738.png,4
train_00739.png,2
train_00740.png,0
train_00741.png,1
train_00742.png,2
train_00743.png,3
train_00744.png,1
train_00745.png,1
train_00746.png,3
train_00747.png,0
train_00748.png,3
train_00749.png,4
train_00750.png,3
train_00751.png,3
train_00752.png,1
train_00753.png,4
train_00754.png,0
train_00755.png,3
train_00756.png,3
train_00757.png,0
train_00758.png,0
train_00759.png,3
train_00760.png,0
train_00761.png,0
train_00762.png,2
train_00763.png,4
train_00764.png,0
train_00765.png,2
train_00766.png,4
train_00767.png,1
train_00768.png,2
train_00769.png,3
train_00770.png,2
train_00771.png,0
train_00772.png,1
train_00773.png,3
train_00774.png,1
train_00775.png,0
train_00776.png,3
train_00777.png,0
train_00778.png,1
train_00779.png,4
train_00780.png,2
train_00781.png,3
train_00782.png,0
train_00783.png,4
train_00784.png,4
train_00785.png,1
train_00786.png,2
train_00787.png,4
train_00788.png,1
train_00789.png,1
train_00790.png,2
train_00791.png,2
train_00792.png,0
train_00793.png,1
train_00794.png,0
train_00795.png,2
train_00796.png,4
train_00797.png,0
train_00798.png,2
train_00799.png,3
train_00800.png,0
train_00801.png,1
train_00802.png,2
train_00803.png,4
train_00804.png,1
train_00805.png,4
train_00806.png,2
train_00807.png,4
train_00808.png,2
train_00809.png,4
train_00810.png,3
train_00811.png,3
train_00812.png,3
train_00813.png,0
train_00814.png,2
train_00815.png,4
train_00816.png,2
train_00817.png,0
train_00818.png,3
train_00819.png,3
train_00820.png,4
train_00821.png,0
train_00822.png,1
train_00823.png,3
train_00824.png,0
train_00825.png,1
train_00826.png,1
train_00827.png,0
train_00828.png,3
train_00829.png,1
train_00830.png,2
train_00831.png,3
train_00832.png,3
train_00833.png,0
train_00834.png,2
train_00835.png,3
train_00836.png,4
train_00837.png,2
train_00838.png,3
train_00839.png,3
train_00840.png,4
train_00841.png,1
train_00842.png,4
train_00843.png,3
train_00844.png,0
train_00845.png,4
train_00846.png,3
train_00847.png,4
train_00848.png,1
train_00849.png,3
train_00850.png,4
train_00851.png,1
train_00852.png,4
train_00853.png,3
train_00854.png,1
train_00855.png,2
train_00856.png,0
train_00857.png,1
train_00858.png,4
train_00859.png,1
train_00860.png,2
train_00861.png,4
train_00862.png,1
train_00863.png,2
train_00864.png,0
train_00865.png,4
train_00866.png,2
train_00867.png,2
train_00868.png,3
train_00869.png,1
train_00870.png,4
train_00871.png,3
train_00872.png,1
train_00873.png,0
train_00874.png,2
train_00875.png,2
train_00876.png,2
train_00877.png,3
train_00878.png,4
train_00879.png,2
train_00880.png,1
train_00881.png,0
train_00882.png,3
train_00883.png,3
train_00884.png,0
train_00885.png,2
train_00886.png,0
train_00887.png,2
train_00888.png,4
train_00889.png,4
train_00890.png,3
train_00891.png,2
train_00892.png,1
train_00893.png,0
train_00894.png,3
train_00895.png,2
train_00896.png,1
train_00897.png,1
train_00898.png,1
train_00899.png,3
train_00900.png,0
train_00901.png,2
train_00902.png,1
train_00903.png,1
train_00904.png,2
train_00905.png,3
train_00906.png,3
train_00907.png,4
train_00908.png,2
train_00909.png,0
train_00910.png,4
train_00911.png,2
train_00912.png,4
train_00913.png,2
train_00914.png,4
train_00915.png,0
train_00916.png,4
train_00917.png,2
train_00918.png,4
train_00919.png,4
train_00920.png,4
train_00921.png,3
train_00922.png,3
train_00923.png,4
train_00924.png,3
train_00925.png,0
train_00926.png,2
train_00927.png,0
train_00928.png,3
train_00929.png,1
train_00930.png,1
train_00931.png,4
train_00932.png,3
train_00933.png,1
train_00934.png,4
train_00935.png,4
train_00936.png,0
train_00937.png,2
train_00938.png,1
train_00939.png,0
train_00940.png,4
train_00941.png,1
train_00942.png,3
train_00943.png,2
train_00944.png,2
train_00945.png,1
train_00946.png,4
train_00947.png,4
train_00948.png,3
train_00949.png,0
train_00950.png,2
train_00951.png,4
train_00952.png,1
train_00953.png,2
train_00954.png,2
train_00955.png,4
train_00956.png,3
train_00957.png,2
train_00958.png,1
train_00959.png,0
train_00960.png,0
train_00961.png,2
train_00962.png,3
train_00963.png,4
train_00964.png,2
train_00965.png,4
train_00966.png,1
train_00967.png,4
train_00968.png,1
train_00969.png,4
train_00970.png,2
train_00971.png,0
train_00972.png,0
train_00973.png,2
train_00974.png,1
train_00975.png,3
train_00976.png,2
train_00977.png,3
train_00978.png,1
train_00979.png,3
train_00980.png,1
train_00981.png,4
train_00982.png,2
train_00983.png,0
train_00984.png,1
train_00985.png,3
train_00986.png,0
train_00987.png,4
train_00988.png,2
train_00989.png,4
train_00990.png,1
train_00991.png,0
train_00992.png,1
train_00993.png,0
train_00994.png,4
train_00995.png,3
train_00996.png,0
train_00997.png,0
train_00998.png,4
train_00999.png,3
train_01000.png,1
train_01001.png,2
train_01002.png,4
train_01003.png,4
train_01004.png,2
train_01005.png,3
train_01006.png,1
train_01007.png,3
train_01008.png,2
train_01009.png,0
train_01010.png,2
train_01011.png,2
train_01012.png,2
train_01013.png,2
train_01014.png,1
train_01015.png,3
train_01016.png,0
train_01017.png,2
train_01018.png,2
train_01019.png,1
train_01020.png,1
train_01021.png,4
train_01022.png,0
train_01023.png,2
train_01024.png,4
train_01025.png,4
train_01026.png,1
train_01027.png,1
train_01028.png,3
train_01029.png,1
train_01030.png,1
train_01031.png,0
train_01032.png,1
train_01033.png,3
train_01034.png,2
train_01035.png,0
train_01036.png,3
train_01037.png,0
train_01038.png,0
train_01039.png,2
train_01040.png,2
train_01041.png,0
train_01042.png,3
train_01043.png,4
train_01044.png,0
train_01045.png,0
train_01046.png,0
train_01047.png,0
train_01048.png,0
train_01049.png,4
train_01050.png,0
train_01051.png,3
train_01052.png,0
train_01053.png,3
train_01054.png,4
train_01055.png,0
train_01056.png,2
train_01057.png,1
train_01058.png,3
train_01059.png,4
train_01060.png,4
train_01061.png,2
train_01062.png,1
train_01063.png,0
train_01064.png,1
train_01065.png,0
train_01066.png,2
train_01067.png,1
train_01068.png,0
train_01069.png,0
train_01070.png,0
train_01071.png,3
train_01072.png,1
train_01073.png,2
train_01074.png,2
train_01075.png,2
train_01076.png,1
train_01077.png,4
train_01078.png,4
train_01079.png,2
train_01080.png,4
train_01081.png,0
train_01082.png,3
train_01083.png,0
train_01084.png,0
train_01085.png,1
train_01086.png,3
train_01087.png,0
train_01088.png,1
train_01089.png,0
train_01090.png,1
train_01091.png,2
train_01092.png,3
train_01093.png,1
train_01094.png,4
train_01095.png,0
train_01096.png,1
train_01097.png,4
train_01098.png,1
train_01099.png,4
train_01100.png,1
train_01101.png,0
train_01102.png,3
train_01103.png,1
train_01104.png,1
train_01105.png,4
train_01106.png,2
train_01107.png,3
train_01108.png,1
train_01109.png,2
train_01110.png,4
train_01111.png,2
train_01112.png,2
train_01113.png,2
train_01114.png,4
train_01115.png,2
train_01116.png,0
train_01117.png,4
train_01118.png,1
train_01119.png,0
train_01120.png,4
train_01121.png,0
train_01122.png,0
train_01123.png,0
train_01124.png,3
train_01125.png,3
train_01126.png,2
train_01127.png,3
train_01128.png,4
train_01129.png,0
train_01130.png,4
train_01131.png,3
train_01132.png,0
train_01133.png,0
train_01134.png,3
train_01135.png,4
train_01136.png,2
train_01137.png,1
train_01138.png,2
train_01139.png,4
train_01140.png,4
train_01141.png,3
train_01142.png,4
train_01143.png,2
train_01144.png,0
train_01145.png,2
train_01146.png,4
train_01147.png,1
train_01148.png,0
train_01149.png,2
train_01150.png,0
train_01151.png,3
train_01152.png,3
train_01153.png,4
train_01154.png,3
train_01155.png,0
train_01156.png,3
train_01157.png,2
train_01158.png,1
train_01159.png,4
train_01160.png,4
train_01161.png,3
train_01162.png,4
train_01163.png,4
train_01164.png,2
train_01165.png,4
train_01166.png,1
train_01167.png,0
train_01168.png,1
train_01169.png,1
train_01170.png,4
train_01171.png,0
train_01172.png,2
train_01173.png,0
train_01174.png,2
train_01175.png,3
train_01176.png,2
train_01177.png,2
train_01178.png,4
train_01179.png,0
train_01180.png,1
train_01181.png,2
train_01182.png,0
train_01183.png,1
train_01184.png,3
train_01185.png,2
train_01186.png,3
train_01187.png,4
train_01188.png,2
train_01189.png,1
train_01190.png,0
train_01191.png,2
train_01192.png,4
train_01193.png,1
train_01194.png,4
train_01195.png,4
train_01196.png,3
train_01197.png,4
train_01198.png,1
train_01199.png,2
train_01200.png,0
train_01201.png,3
train_01202.png,3
train_01203.png,3
train_01204.png,0
train_01205.png,2
train_01206.png,2
train_01207.png,3
train_01208.png,3
train_01209.png,2
train_01210.png,3
train_01211.png,3
train_01212.png,4
train_01213.png,3
train_01214.png,4
train_01215.png,4
train_01216.png,1
train_01217.png,2
train_01218.png,4
train_01219.png,2
train_01220.png,2
train_01221.png,4
train_01222.png,4
train_01223.png,0
train_01224.png,1
train_01225.png,4
train_01226.png,0
train_01227.png,2
train_01228.png,2
train_01229.png,2
train_01230.png,0
train_01231.png,0
train_01232.png,2
train_01233.png,0
train_01234.png,1
train_01235.png,2
train_01236.png,0
train_01237.png,0
train_01238.png,1
train_01239.png,0
train_01240.png,2
train_01241.png,4
train_01242.png,1
train_01243.png,3
train_01244.png,3
train_01245.png,2
train_01246.png,2
train_01247.png,0
train_01248.png,3
train_01249.png,2
train_01250.png,1
train_01251.png,4
train_01252.png,4
train_01253.png,3
train_01254.png,2
train_01255.png,3
train_01256.png,2
train_01257.png,3
train_01258.png,4
train_01259.png,4
train_01260.png,3
train_01261.png,2
train_01262.png,2
train_01263.png,2
train_01264.png,1
train_01265.png,4
train_01266.png,0
train_01267.png,3
train_01268.png,1
train_01269.png,1
train_01270.png,0
train_01271.png,1
train_01272.png,2
train_01273.png,3
train_01274.png,2
train_01275.png,1
train_01276.png,0
train_01277.png,1
train_01278.png,3
train_01279.png,2
train_01280.png,1
train_01281.png,4
train_01282.png,4
train_01283.png,2
train_01284.png,4
train_01285.png,2
train_01286.png,3
train_01287.png,3
train_01288.png,4
train_01289.png,1
train_01290.png,3
train_01291.png,2
train_01292.png,2
train_01293.png,0
train_01294.png,0
train_01295.png,1
train_01296.png,0
train_01297.png,2
train_01298.png,3
train_01299.png,2
train_01300.png,4
train_01301.png,2
train_01302.png,4
train_01303.png,3
train_01304.png,1
train_01305.png,0
train_01306.png,2
train_01307.png,3
train_01308.png,1
train_01309.png,3
train_01310.png,4
train_01311.png,2
train_01312.png,4
train_01313.png,0
train_01314.png,2
train_01315.png,4
train_01316.png,3
train_01317.png,3
train_01318.png,1
train_01319.png,2
train_01320.png,2
train_01321.png,4
train_01322.png,4
train_01323.png,0
train_01324.png,0
train_01325.png,2
train_01326.png,2
train_01327.png,2
train_01328.png,0
train_01329.png,4
train_01330.png,0
train_01331.png,0
train_01332.png,0
train_01333.png,0
train_01334.png,1
train_01335.png,4
train_01336.png,0
train_01337.png,0
train_01338.png,4
train_01339.png,3
train_01340.png,4
train_01341.png,1
train_01342.png,4
train_01343.png,0
train_01344.png,1
train_01345.png,0
train_01346.png,2
train_01347.png,3
train_01348.png,3
train_01349.png,1
train_01350.png,1
train_01351.png,4
train_01352.png,4
train_01353.png,0
train_01354.png,4
train_01355.png,4
train_01356.png,1
train_01357.png,4
train_01358.png,2
train_01359.png,4
train_01360.png,0
train_01361.png,4
train_01362.png,1
train_01363.png,4
train_01364.png,4
train_01365.png,0
train_01366.png,3
train_01367.png,4
train_01368.png,2
train_01369.png,2
train_01370.png,2
train_01371.png,3
train_01372.png,3
train_01373.png,3
train_01374.png,1
train_01375.png,0
train_01376.png,4
train_01377.png,3
train_01378.png,2
train_01379.png,0
train_01380.png,1
train_01381.png,1
train_01382.png,0
train_01383.png,0
train_01384.png,3
train_01385.png,0
train_01386.png,3
train_01387.png,0
train_01388.png,0
train_01389.png,0
train_01390.png,4
train_01391.png,0
train_01392.png,4
train_01393.png,3
train_01394.png,3
train_01395.png,1
train_01396.png,0
train_01397.png,2
train_01398.png,1
train_01399.png,4
train_01400.png,1
train_01401.png,1
train_01402.png,4
train_01403.png,2
train_01404.png,1
train_01405.png,2
train_01406.png,1
train_01407.png,0
train_01408.png,3
train_01409.png,3
train_01410.png,2
train_01411.png,2
train_01412.png,3
train_01413.png,0
train_01414.png,4
train_01415.png,2
train_01416.png,0
train_01417.png,1
train_01418.png,0
train_01419.png,2
train_01420.png,2
train_01421.png,3
train_01422.png,4
train_01423.png,3
train_01424.png,2
train_01425.png,4
train_01426.png,2
train_01427.png,1
train_01428.png,3
train_01429.png,4
train_01430.png,0
train_01431.png,2
train_01432.png,2
train_01433.png,4
train_01434.png,4
train_01435.png,0
train_01436.png,4
train_01437.png,0
train_01438.png,2
train_01439.png,2
train_01440.png,3
train_01441.png,2
train_01442.png,1
train_01443.png,4
train_01444.png,0
train_01445.png,2
train_01446.png,0
train_01447.png,0
train_01448.png,1
train_01449.png,1
train_01450.png,0
train_01451.png,2
train_01452.png,0
train_01453.png,1
train_01454.png,0
train_01455.png,4
train_01456.png,3
train_01457.png,0
train_01458.png,3
train_01459.png,2
train_01460.png,1
train_01461.png,4
train_01462.png,3
train_01463.png,3
train_01464.png,1
train_01465.png,0
train_01466.png,2
train_01467.png,3
train_01468.png,0
train_01469.png,3
train_01470.png,0
train_01471.png,2
train_01472.png,2
train_01473.png,2
train_01474.png,2
train_01475.png,0
train_01476.png,2
train_01477.png,3
train_01478.png,3
train_01479.png,2
train_01480.png,2
train_01481.png,2
train_01482.png,3
train_01483.png,2
train_01484.png,1
train_01485.png,4
train_01486.png,4
train_01487.png,1
train_01488.png,2
train_01489.png,0
train_01490.png,0
train_01491.png,0
train_01492.png,2
train_01493.png,0
train_01494.png,4
train_01495.png,4
train_01496.png,2
train_01497.png,3
train_01498.png,4
train_01499.png,4
train_01500.png,0
train_01501.png,2
train_01502.png,1
train_01503.png,3
train_01504.png,2
train_01505.png,1
train_01506.png,4
train_01507.png,2
train_01508.png,0
train_01509.png,4
train_01510.png,0
train_01511.png,1
train_01512.png,4
train_01513.png,1
train_01514.png,0
train_01515.png,3
train_01516.png,2
train_01517.png,4
train_01518.png,2
train_01519.png,2
train_01520.png,1
train_01521.png,1
train_01522.png,3
train_01523.png,4
train_01524.png,4
train_01525.png,1
train_01526.png,0
train_01527.png,1
train_01528.png,3
train_01529.png,4
train_01530.png,4
train_01531.png,1
train_01532.png,4
train_01533.png,3
train_01534.png,2
train_01535.png,0
train_01536.png,0
train_01537.png,2
train_01538.png,2
train_01539.png,0
train_01540.png,4
train_01541.png,4
train_01542.png,3
train_01543.png,1
train_01544.png,1
train_01545.png,4
train_01546.png,2
train_01547.png,1
train_01548.png,1
train_01549.png,0
train_01550.png,1
train_01551.png,3
train_01552.png,0
train_01553.png,0
train_01554.png,2
train_01555.png,4
train_01556.png,0
train_01557.png,0
train_01558.png,0
train_01559.png,2
train_01560.png,1
train_01561.png,3
train_01562.png,0
train_01563.png,4
train_01564.png,0
train_01565.png,4
train_01566.png,4
train_01567.png,1
train_01568.png,2
train_01569.png,2
train_01570.png,3
train_01571.png,1
train_01572.png,0
train_01573.png,1
train_01574.png,0
train_01575.png,4
train_01576.png,1
train_01577.png,1
train_01578.png,0
train_01579.png,3
train_01580.png,3
train_01581.png,0
train_01582.png,0
train_01583.png,3
train_01584.png,4
train_01585.png,1
train_01586.png,2
train_01587.png,3
train_01588.png,0
train_01589.png,4
train_01590.png,2
train_01591.png,2
train_01592.png,4
train_01593.png,4
train_01594.png,0
train_01595.png,1
train_01596.png,2
train_01597.png,1
train_01598.png,1
train_01599.png,1
train_01600.png,0
train_01601.png,1
train_01602.png,3
train_01603.png,3
train_01604.png,3
train_01605.png,3
train_01606.png,2
train_01607.png,3
train_01608.png,1
train_01609.png,0
train_01610.png,3
train_01611.png,1
train_01612.png,4
train_01613.png,0
train_01614.png,3
train_01615.png,3
train_01616.png,4
train_01617.png,0
train_01618.png,1
train_01619.png,2
train_01620.png,3
train_01621.png,1
train_01622.png,2
train_01623.png,0
train_01624.png,2
train_01625.png,2
train_01626.png,2
train_01627.png,3
train_01628.png,0
train_01629.png,0
train_01630.png,2
train_01631.png,0
train_01632.png,3
train_01633.png,2
train_01634.png,0
train_01635.png,0
train_01636.png,2
train_01637.png,3
train_01638.png,3
train_01639.png,1
train_01640.png,0
train_01641.png,4
train_01642.png,2
train_01643.png,4
train_01644.png,4
train_01645.png,4
train_01646.png,3
train_01647.png,4
train_01648.png,4
train_01649.png,0
train_01650.png,0
train_01651.png,3
train_01652.png,3
train_01653.png,1
train_01654.png,2
train_01655.png,3
train_01656.png,2
train_01657.png,3
train_01658.png,4
train_01659.png,4
train_01660.png,3
train_01661.png,1
train_01662.png,2
train_01663.png,4
train_01664.png,2
train_01665.png,3
train_01666.png,1
train_01667.png,0
train_01668.png,3
train_01669.png,0
train_01670.png,1
train_01671.png,0
train_01672.png,1
train_01673.png,1
train_01674.png,4
train_01675.png,1
train_01676.png,1
train_01677.png,1
train_01678.png,3
train_01679.png,2
train_01680.png,0
train_01681.png,3
train_01682.png,0
train_01683.png,2
train_01684.png,4
train_01685.png,4
train_01686.png,3
train_01687.png,1
train_01688.png,4
train_01689.png,4
train_01690.png,4
train_01691.png,0
train_01692.png,0
train_01693.png,3
train_01694.png,4
train_01695.png,4
train_01696.png,4
train_01697.png,0
train_01698.png,4
train_01699.png,3
train_01700.png,0
train_01701.png,4
train_01702.png,1
train_01703.png,0
train_01704.png,2
train_01705.png,1
train_01706.png,0
train_01707.png,0
train_01708.png,3
train_01709.png,3
train_01710.png,0
train_01711.png,4
train_01712.png,2
train_01713.png,1
train_01714.png,2
train_01715.png,1
train_01716.png,0
train_01717.png,1
train_01718.png,0
train_01719.png,1
train_01720.png,1
train_01721.png,1
train_01722.png,1
train_01723.png,0
train_01724.png,1
train_01725.png,2
train_01726.png,4
train_01727.png,3
train_01728.png,3
train_01729.png,2
train_01730.png,0
train_01731.png,3
train_01732.png,0
train_01733.png,3
train_01734.png,1
train_01735.png,0
train_01736.png,2
train_01737.png,1
train_01738.png,3
train_01739.png,0
train_01740.png,3
train_01741.png,1
train_01742.png,1
train_01743.png,2
train_01744.png,3
train_01745.png,4
train_01746.png,2
train_01747.png,3
train_01748.png,4
train_01749.png,0
train_01750.png,0
train_01751.png,3
train_01752.png,2
train_01753.png,1
train_01754.png,3
train_01755.png,3
train_01756.png,4
train_01757.png,2
train_01758.png,2
train_01759.png,4
train_01760.png,0
train_01761.png,2
train_01762.png,4
train_01763.png,4
train_01764.png,0
train_01765.png,0
train_01766.png,3
train_01767.png,1
train_01768.png,0
train_01769.png,0
train_01770.png,2
train_01771.png,0
train_01772.png,1
train_01773.png,2
train_01774.png,2
train_01775.png,4
train_01776.png,4
train_01777.png,1
train_01778.png,3
train_01779.png,1
train_01780.png,2
train_01781.png,1
train_01782.png,0
train_01783.png,1
train_01784.png,4
train_01785.png,3
train_01786.png,4
train_01787.png,2
train_01788.png,0
train_01789.png,4
train_01790.png,4
train_01791.png,4
train_01792.png,2
train_01793.png,2
train_01794.png,4
train_01795.png,0
train_01796.png,1
train_01797.png,1
train_01798.png,3
train_01799.png,1
train_01800.png,0
train_01801.png,1
train_01802.png,4
train_01803.png,4
train_01804.png,1
train_01805.png,1
train_01806.png,4
train_01807.png,3
train_01808.png,0
train_01809.png,3
train_01810.png,0
train_01811.png,4
train_01812.png,3
train_01813.png,0
train_01814.png,0
train_01815.png,4
train_01816.png,4
train_01817.png,3
train_01818.png,4
train_01819.png,0
train_01820.png,1
train_01821.png,2
train_01822.png,4
train_01823.png,4
train_01824.png,2
train_01825.png,1
train_01826.png,0
train_01827.png,4
train_01828.png,2
train_01829.png,2
train_01830.png,1
train_01831.png,0
train_01832.png,4
train_01833.png,0
train_01834.png,0
train_01835.png,4
train_01836.png,4
train_01837.png,0
train_01838.png,0
train_01839.png,0
train_01840.png,1
train_01841.png,4
train_01842.png,1
train_01843.png,0
train_01844.png,3
train_01845.png,4
train_01846.png,2
train_01847.png,3
train_01848.png,2
train_01849.png,0
train_01850.png,4
train_01851.png,0
train_01852.png,1
train_01853.png,0
train_01854.png,3
train_01855.png,4
train_01856.png,2
train_01857.png,3
train_01858.png,4
train_01859.png,1
train_01860.png,1
train_01861.png,3
train_01862.png,3
train_01863.png,4
train_01864.png,2
train_01865.png,2
train_01866.png,4
train_01867.png,0
train_01868.png,0
train_01869.png,1
train_01870.png,3
train_01871.png,3
train_01872.png,1
train_01873.png,3
train_01874.png,1
train_01875.png,0
train_01876.png,2
train_01877.png,4
train_01878.png,3
train_01879.png,2
train_01880.png,3
train_01881.png,0
train_01882.png,3
train_01883.png,1
train_01884.png,2
train_01885.png,4
train_01886.png,1
train_01887.png,3
train_01888.png,4
train_01889.png,0
train_01890.png,3
train_01891.png,3
train_01892.png,4
train_01893.png,0
train_01894.png,4
train_01895.png,0
train_01896.png,4
train_01897.png,1
train_01898.png,2
train_01899.png,4
train_01900.png,4
train_01901.png,1
train_01902.png,1
train_01903.png,1
train_01904.png,0
train_01905.png,3
train_01906.png,2
train_01907.png,2
train_01908.png,0
train_01909.png,1
train_01910.png,0
train_01911.png,2
train_01912.png,3
train_01913.png,4
train_01914.png,2
train_01915.png,4
train_01916.png,4
train_01917.png,3
train_01918.png,4
train_01919.png,1
train_01920.png,0
train_01921.png,0
train_01922.png,0
train_01923.png,0
train_01924.png,3
train_01925.png,4
train_01926.png,1
train_01927.png,1
train_01928.png,4
train_01929.png,3
train_01930.png,2
train_01931.png,4
train_01932.png,4
train_01933.png,1
train_01934.png,1
train_01935.png,3
train_01936.png,4
train_01937.png,3
train_01938.png,4
train_01939.png,1
train_01940.png,1
train_01941.png,4
train_01942.png,1
train_01943.png,0
train_01944.png,2
train_01945.png,1
train_01946.png,1
train_01947.png,2
train_01948.png,0
train_01949.png,4
train_01950.png,1
train_01951.png,3
train_01952.png,0
train_01953.png,3
train_01954.png,0
train_01955.png,1
train_01956.png,4
train_01957.png,2
train_01958.png,0
train_01959.png,3
train_01960.png,0
train_01961.png,3
train_01962.png,0
train_01963.png,2
train_01964.png,3
train_01965.png,1
train_01966.png,4
train_01967.png,3
train_01968.png,1
train_01969.png,3
train_01970.png,4
train_01971.png,2
train_01972.png,3
train_01973.png,4
train_01974.png,0
train_01975.png,2
train_01976.png,3
train_01977.png,2
train_01978.png,0
train_01979.png,3
train_01980.png,4
train_01981.png,4
train_01982.png,4
train_01983.png,4
train_01984.png,3
train_01985.png,4
train_01986.png,0
train_01987.png,4
train_01988.png,0
train_01989.png,0
train_01990.png,0
train_01991.png,4
train_01992.png,0
train_01993.png,3
train_01994.png,0
train_01995.png,0
train_01996.png,1
train_01997.png,2
train_01998.png,3
train_01999.png,2
train_02000.png,1
train_02001.png,4
train_02002.png,3
train_02003.png,2
train_02004.png,0
train_02005.png,3
train_02006.png,4
train_02007.png,2
train_02008.png,4
train_02009.png,3
train_02010.png,3
train_02011.png,2
train_02012.png,0
train_02013.png,3
train_02014.png,4
train_02015.png,3
train_02016.png,3
train_02017.png,0
train_02018.png,3
train_02019.png,4
train_02020.png,1
train_02021.png,0
train_02022.png,4
train_02023.png,1
train_02024.png,4
train_02025.png,3
train_02026.png,4
train_02027.png,2
train_02028.png,4
train_02029.png,2
train_02030.png,0
train_02031.png,1
train_02032.png,1
train_02033.png,0
train_02034.png,4
train_02035.png,0
train_02036.png,4
train_02037.png,1
train_02038.png,2
train_02039.png,2
train_02040.png,2
train_02041.png,4
train_02042.png,0
train_02043.png,0
train_02044.png,4
train_02045.png,1
train_02046.png,0
train_02047.png,0
train_02048.png,0
train_02049.png,4
train_02050.png,3
train_02051.png,3
train_02052.png,3
train_02053.png,3
train_02054.png,3
train_02055.png,0
train_02056.png,0
train_02057.png,4
train_02058.png,4
train_02059.png,4
train_02060.png,0
train_02061.png,2
train_02062.png,3
train_02063.png,1
train_02064.png,2
train_02065.png,4
train_02066.png,0
train_02067.png,0
train_02068.png,0
train_02069.png,3
train_02070.png,2
train_02071.png,2
train_02072.png,4
train_02073.png,3
train_02074.png,2
train_02075.png,2
train_02076.png,4
train_02077.png,0
train_02078.png,1
train_02079.png,3
train_02080.png,2
train_02081.png,2
train_02082.png,3
train_02083.png,1
train_02084.png,3
train_02085.png,2
train_02086.png,2
train_02087.png,1
train_02088.png,2
train_02089.png,2
train_02090.png,3
train_02091.png,2
train_02092.png,2
train_02093.png,2
train_02094.png,3
train_02095.png,0
train_02096.png,0
train_02097.png,3
train_02098.png,0
train_02099.png,3
train_02100.png,4
train_02101.png,3
train_02102.png,0
train_02103.png,4
train_02104.png,1
train_02105.png,1
train_02106.png,2
train_02107.png,2
train_02108.png,2
train_02109.png,0
train_02110.png,1
train_02111.png,0
train_02112.png,0
train_02113.png,0
train_02114.png,2
train_02115.png,1
train_02116.png,1
train_02117.png,4
train_02118.png,4
train_02119.png,3
train_02120.png,2
train_02121.png,2
train_02122.png,1
train_02123.png,4
train_02124.png,1
train_02125.png,3
train_02126.png,3
train_02127.png,2
train_02128.png,1
train_02129.png,1
train_02130.png,4
train_02131.png,0
train_02132.png,4
train_02133.png,3
train_02134.png,2
train_02135.png,2
train_02136.png,0
train_02137.png,1
train_02138.png,0
train_02139.png,0
train_02140.png,3
train_02141.png,2
train_02142.png,3
train_02143.png,0
train_02144.png,1
train_02145.png,2
train_02146.png,1
train_02147.png,4
train_02148.png,0
train_02149.png,1
train_02150.png,0
train_02151.png,4
train_02152.png,1
train_02153.png,3
train_02154.png,0
train_02155.png,0
train_02156.png,3
train_02157.png,4
train_02158.png,2
train_02159.png,0
train_02160.png,0
train_02161.png,0
train_02162.png,2
train_02163.png,4
train_02164.png,1
train_02165.png,0
train_02166.png,2
train_02167.png,2
train_02168.png,4
train_02169.png,1
train_02170.png,3
train_02171.png,4
train_02172.png,4
train_02173.png,2
train_02174.png,1
train_02175.png,3
train_02176.png,1
train_02177.png,4
train_02178.png,4
train_02179.png,3
train_02180.png,1
train_02181.png,2
train_02182.png,3
train_02183.png,4
train_02184.png,3
train_02185.png,1
train_02186.png,0
train_02187.png,3
train_02188.png,2
train_02189.png,3
train_02190.png,3
train_02191.png,2
train_02192.png,3
train_02193.png,1
train_02194.png,1
train_02195.png,2
train_02196.png,0
train_02197.png,4
train_02198.png,3
train_02199.png,2
train_02200.png,3
train_02201.png,0
train_02202.png,3
train_02203.png,4
train_02204.png,0
train_02205.png,3
train_02206.png,2
train_02207.png,0
train_02208.png,4
train_02209.png,3
train_02210.png,2
train_02211.png,3
train_02212.png,1
train_02213.png,0
train_02214.png,1
train_02215.png,1
train_02216.png,2
train_02217.png,4
train_02218.png,4
train_02219.png,2
train_02220.png,2
train_02221.png,0
train_02222.png,4
train_02223.png,4
train_02224.png,4
train_02225.png,1
train_02226.png,2
train_02227.png,4
train_02228.png,3
train_02229.png,1
train_02230.png,3
train_02231.png,0
train_02232.png,2
train_02233.png,4
train_02234.png,3
train_02235.png,3
train_02236.png,2
train_02237.png,3
train_02238.png,4
train_02239.png,3
train_02240.png,3
train_02241.png,4
train_02242.png,4
train_02243.png,4
train_02244.png,1
train_02245.png,0
train_02246.png,4
train_02247.png,3
train_02248.png,0
train_02249.png,2
train_02250.png,0
train_02251.png,2
train_02252.png,2
train_02253.png,4
train_02254.png,1
train_02255.png,4
train_02256.png,4
train_02257.png,4
train_02258.png,0
train_02259.png,3
train_02260.png,2
train_02261.png,3
train_02262.png,4
train_02263.png,4
train_02264.png,1
train_02265.png,1
train_02266.png,2
train_02267.png,1
train_02268.png,4
train_02269.png,1
train_02270.png,2
train_02271.png,3
train_02272.png,1
train_02273.png,4
train_02274.png,3
train_02275.png,0
train_02276.png,3
train_02277.png,3
train_02278.png,1
train_02279.png,2
train_02280.png,1
train_02281.png,4
train_02282.png,2
train_02283.png,4
train_02284.png,1
train_02285.png,4
train_02286.png,4
train_02287.png,4
train_02288.png,2
train_02289.png,4
train_02290.png,3
train_02291.png,0
train_02292.png,1
train_02293.png,0
train_02294.png,3
train_02295.png,3
train_02296.png,4
train_02297.png,1
train_02298.png,0
train_02299.png,2
train_02300.png,3
train_02301.png,3
train_02302.png,3
train_02303.png,1
train_02304.png,4
train_02305.png,4
train_02306.png,3
train_02307.png,4
train_02308.png,4
train_02309.png,3
train_02310.png,4
train_02311.png,2
train_02312.png,2
train_02313.png,3
train_02314.png,1
train_02315.png,1
train_02316.png,2
train_02317.png,0
train_02318.png,1
train_02319.png,4
train_02320.png,3
train_02321.png,2
train_02322.png,4
train_02323.png,0
train_02324.png,2
train_02325.png,2
train_02326.png,2
train_02327.png,4
train_02328.png,2
train_02329.png,4
train_02330.png,3
train_02331.png,0
train_02332.png,4
train_02333.png,0
train_02334.png,3
train_02335.png,0
train_02336.png,0
train_02337.png,4
train_02338.png,4
train_02339.png,3
train_02340.png,4
train_02341.png,2
train_02342.png,2
train_02343.png,3
train_02344.png,3
train_02345.png,0
train_02346.png,3
train_02347.png,1
train_02348.png,3
train_02349.png,0
train_02350.png,1
train_02351.png,3
train_02352.png,4
train_02353.png,4
train_02354.png,4
train_02355.png,3
train_02356.png,1
train_02357.png,1
train_02358.png,4
train_02359.png,2
train_02360.png,0
train_02361.png,0
train_02362.png,2
train_02363.png,1
train_02364.png,2
train_02365.png,1
train_02366.png,2
train_02367.png,4
train_02368.png,3
train_02369.png,4
train_02370.png,2
train_02371.png,4
train_02372.png,3
train_02373.png,0
train_02374.png,0
train_02375.png,1
train_02376.png,4
train_02377.png,3
train_02378.png,0
train_02379.png,0
train_02380.png,3
train_02381.png,2
train_02382.png,2
train_02383.png,1
train_02384.png,3
train_02385.png,1
train_02386.png,2
train_02387.png,1
train_02388.png,1
train_02389.png,3
train_02390.png,4
train_02391.png,4
train_02392.png,3
train_02393.png,3
train_02394.png,2
train_02395.png,4
train_02396.png,1
train_02397.png,0
train_02398.png,4
train_02399.png,2
train_02400.png,2
train_02401.png,0
train_02402.png,3
train_02403.png,3
train_02404.png,3
train_02405.png,4
train_02406.png,0
train_02407.png,3
train_02408.png,1
train_02409.png,3
train_02410.png,3
train_02411.png,3
train_02412.png,0
train_02413.png,1
train_02414.png,4
train_02415.png,2
train_02416.png,1
train_02417.png,4
train_02418.png,3
train_02419.png,2
train_02420.png,2
train_02421.png,4
train_02422.png,4
train_02423.png,2
train_02424.png,4
train_02425.png,4
train_02426.png,2
train_02427.png,1
train_02428.png,2
train_02429.png,2
train_02430.png,1
train_02431.png,2
train_02432.png,1
train_02433.png,3
train_02434.png,2
train_02435.png,0
train_02436.png,4
train_02437.png,4
train_02438.png,4
train_02439.png,0
train_02440.png,4
train_02441.png,2
train_02442.png,3
train_02443.png,1
train_02444.png,3
train_02445.png,4
train_02446.png,2
train_02447.png,2
train_02448.png,4
train_02449.png,0
train_02450.png,1
train_02451.png,4
train_02452.png,0
train_02453.png,1
train_02454.png,4
train_02455.png,1
train_02456.png,1
train_02457.png,1
train_02458.png,4
train_02459.png,4
train_02460.png,3
train_02461.png,3
train_02462.png,0
train_02463.png,3
train_02464.png,1
train_02465.png,3
train_02466.png,4
train_02467.png,2
train_02468.png,1
train_02469.png,2
train_02470.png,3
train_02471.png,1
train_02472.png,2
train_02473.png,3
train_02474.png,0
train_02475.png,4
train_02476.png,4
train_02477.png,3
train_02478.png,0
train_02479.png,4
train_02480.png,0
train_02481.png,4
train_02482.png,3
train_02483.png,0
train_02484.png,1
train_02485.png,1
train_02486.png,0
train_02487.png,0
train_02488.png,2
train_02489.png,3
train_02490.png,0
train_02491.png,2
train_02492.png,3
train_02493.png,4
train_02494.png,2
train_02495.png,2
train_02496.png,4
train_02497.png,3
train_02498.png,2
train_02499.png,3
train_02500.png,0
train_02501.png,0
train_02502.png,4
train_02503.png,3
train_02504.png,0
train_02505.png,3
train_02506.png,4
train_02507.png,2
train_02508.png,1
train_02509.png,0
train_02510.png,0
train_02511.png,0
train_02512.png,4
train_02513.png,2
train_02514.png,2
train_02515.png,2
train_02516.png,2
train_02517.png,2
train_02518.png,0
train_02519.png,4
train_02520.png,3
train_02521.png,0
train_02522.png,0
train_02523.png,3
train_02524.png,3
train_02525.png,4
train_02526.png,2
train_02527.png,4
train_02528.png,0
train_02529.png,4
train_02530.png,1
train_02531.png,3
train_02532.png,1
train_02533.png,4
train_02534.png,3
train_02535.png,1
train_02536.png,4
train_02537.png,2
train_02538.png,1
train_02539.png,1
train_02540.png,2
train_02541.png,3
train_02542.png,4
train_02543.png,4
train_02544.png,0
train_02545.png,2
train_02546.png,0
train_02547.png,3
train_02548.png,4
train_02549.png,2
train_02550.png,4
train_02551.png,2
train_02552.png,0
train_02553.png,4
train_02554.png,0
train_02555.png,0
train_02556.png,4
train_02557.png,4
train_02558.png,3
train_02559.png,0
train_02560.png,2
train_02561.png,3
train_02562.png,4
train_02563.png,1
train_02564.png,3
train_02565.png,1
train_02566.png,4
train_02567.png,4
train_02568.png,4
train_02569.png,4
train_02570.png,2
train_02571.png,2
train_02572.png,2
train_02573.png,3
train_02574.png,3
train_02575.png,1
train_02576.png,3
train_02577.png,2
train_02578.png,1
train_02579.png,2
train_02580.png,3
train_02581.png,2
train_02582.png,3
train_02583.png,1
train_02584.png,4
train_02585.png,4
train_02586.png,4
train_02587.png,0
train_02588.png,4
train_02589.png,2
train_02590.png,2
train_02591.png,0
train_02592.png,2
train_02593.png,2
train_02594.png,0
train_02595.png,0
train_02596.png,4
train_02597.png,4
train_02598.png,3
train_02599.png,4
train_02600.png,2
train_02601.png,0
train_02602.png,0
train_02603.png,1
train_02604.png,2
train_02605.png,1
train_02606.png,2
train_02607.png,3
train_02608.png,0
train_02609.png,4
train_02610.png,0
train_02611.png,1
train_02612.png,4
train_02613.png,1
train_02614.png,0
train_02615.png,3
train_02616.png,3
train_02617.png,2
train_02618.png,4
train_02619.png,4
train_02620.png,2
train_02621.png,2
train_02622.png,3
train_02623.png,0
train_02624.png,3
train_02625.png,4
train_02626.png,0
train_02627.png,4
train_02628.png,1
train_02629.png,1
train_02630.png,3
train_02631.png,1
train_02632.png,3
train_02633.png,2
train_02634.png,2
train_02635.png,0
train_02636.png,4
train_02637.png,3
train_02638.png,2
train_02639.png,3
train_02640.png,0
train_02641.png,2
train_02642.png,4
train_02643.png,1
train_02644.png,1
train_02645.png,3
train_02646.png,4
train_02647.png,4
train_02648.png,3
train_02649.png,1
train_02650.png,1
train_02651.png,3
train_02652.png,2
train_02653.png,4
train_02654.png,3
train_02655.png,0
train_02656.png,4
train_02657.png,4
train_02658.png,0
train_02659.png,2
train_02660.png,0
train_02661.png,1
train_02662.png,1
train_02663.png,3
train_02664.png,2
train_02665.png,2
train_02666.png,4
train_02667.png,2
train_02668.png,2
train_02669.png,0
train_02670.png,4
train_02671.png,1
train_02672.png,0
train_02673.png,2
train_02674.png,2
train_02675.png,1
train_02676.png,0
train_02677.png,2
train_02678.png,2
train_02679.png,0
train_02680.png,1
train_02681.png,4
train_02682.png,3
train_02683.png,1
train_02684.png,3
train_02685.png,1
train_02686.png,4
train_02687.png,2
train_02688.png,1
train_02689.png,2
train_02690.png,1
train_02691.png,3
train_02692.png,0
train_02693.png,3
train_02694.png,3
train_02695.png,1
train_02696.png,1
train_02697.png,1
train_02698.png,1
train_02699.png,0
train_02700.png,3
train_02701.png,2
train_02702.png,1
train_02703.png,3
train_02704.png,3
train_02705.png,0
train_02706.png,3
train_02707.png,3
train_02708.png,0
train_02709.png,2
train_02710.png,4
train_02711.png,1
train_02712.png,3
train_02713.png,0
train_02714.png,1
train_02715.png,4
train_02716.png,1
train_02717.png,1
train_02718.png,1
train_02719.png,4
train_02720.png,1
train_02721.png,4
train_02722.png,4
train_02723.png,3
train_02724.png,1
train_02725.png,4
train_02726.png,2
train_02727.png,1
train_02728.png,0
train_02729.png,1
train_02730.png,0
train_02731.png,3
train_02732.png,4
train_02733.png,1
train_02734.png,2
train_02735.png,1
train_02736.png,4
train_02737.png,3
train_02738.png,0
train_02739.png,3
train_02740.png,3
train_02741.png,2
train_02742.png,4
train_02743.png,1
train_02744.png,1
train_02745.png,1
train_02746.png,3
train_02747.png,4
train_02748.png,3
train_02749.png,0
train_02750.png,2
train_02751.png,1
train_02752.png,2
train_02753.png,3
train_02754.png,1
train_02755.png,1
train_02756.png,0
train_02757.png,1
train_02758.png,2
train_02759.png,4
train_02760.png,2
train_02761.png,1
train_02762.png,2
train_02763.png,3
train_02764.png,3
train_02765.png,2
train_02766.png,2
train_02767.png,1
train_02768.png,3
train_02769.png,1
train_02770.png,0
train_02771.png,4
train_02772.png,4
train_02773.png,3
train_02774.png,0
train_02775.png,4
train_02776.png,4
train_02777.png,4
train_02778.png,1
train_02779.png,3
train_02780.png,1
train_02781.png,3
train_02782.png,1
train_02783.png,4
train_02784.png,1
train_02785.png,4
train_02786.png,0
train_02787.png,2
train_02788.png,3
train_02789.png,1
train_02790.png,1
train_02791.png,2
train_02792.png,3
train_02793.png,1
train_02794.png,2
train_02795.png,0
train_02796.png,3
train_02797.png,4
train_02798.png,4
train_02799.png,4
train_02800.png,1
train_02801.png,2
train_02802.png,0
train_02803.png,3
train_02804.png,3
train_02805.png,2
train_02806.png,2
train_02807.png,1
train_02808.png,3
train_02809.png,3
train_02810.png,1
train_02811.png,1
train_02812.png,2
train_02813.png,4
train_02814.png,3
train_02815.png,3
train_02816.png,0
train_02817.png,4
train_02818.png,2
train_02819.png,4
train_02820.png,3
train_02821.png,1
train_02822.png,0
train_02823.png,4
train_02824.png,3
train_02825.png,2
train_02826.png,3
train_02827.png,3
train_02828.png,0
train_02829.png,1
train_02830.png,3
train_02831.png,3
train_02832.png,1
train_02833.png,1
train_02834.png,3
train_02835.png,0
train_02836.png,3
train_02837.png,0
train_02838.png,4
train_02839.png,2
train_02840.png,4
train_02841.png,1
train_02842.png,0
train_02843.png,1
train_02844.png,4
train_02845.png,0
train_02846.png,2
train_02847.png,2
train_02848.png,1
train_02849.png,0
train_02850.png,3
train_02851.png,4
train_02852.png,0
train_02853.png,0
train_02854.png,4
train_02855.png,0
train_02856.png,4
train_02857.png,4
train_02858.png,1
train_02859.png,0
train_02860.png,0
train_02861.png,1
train_02862.png,0
train_02863.png,2
train_02864.png,3
train_02865.png,2
train_02866.png,4
train_02867.png,3
train_02868.png,2
train_02869.png,0
train_02870.png,1
train_02871.png,3
train_02872.png,0
train_02873.png,1
train_02874.png,4
train_02875.png,1
train_02876.png,3
train_02877.png,4
train_02878.png,3
train_02879.png,4
train_02880.png,3
train_02881.png,3
train_02882.png,2
train_02883.png,3
train_02884.png,3
train_02885.png,4
train_02886.png,1
train_02887.png,1
train_02888.png,2
train_02889.png,0
train_02890.png,4
train_02891.png,0
train_02892.png,3
train_02893.png,0
train_02894.png,0
train_02895.png,1
train_02896.png,2
train_02897.png,1
train_02898.png,2
train_02899.png,3
train_02900.png,2
train_02901.png,0
train_02902.png,0
train_02903.png,2
train_02904.png,0
train_02905.png,2
train_02906.png,1
train_02907.png,4
train_02908.png,1
train_02909.png,3
train_02910.png,0
train_02911.png,4
train_02912.png,1
train_02913.png,4
train_02914.png,2
train_02915.png,2
train_02916.png,0
train_02917.png,3
train_02918.png,4
train_02919.png,2
train_02920.png,0
train_02921.png,3
train_02922.png,2
train_02923.png,4
train_02924.png,1
train_02925.png,2
train_02926.png,2
train_02927.png,3
train_02928.png,3
train_02929.png,0
train_02930.png,1
train_02931.png,3
train_02932.png,4
train_02933.png,1
train_02934.png,2
train_02935.png,0
train_02936.png,1
train_02937.png,1
train_02938.png,4
train_02939.png,0
train_02940.png,0
train_02941.png,1
train_02942.png,4
train_02943.png,1
train_02944.png,2
train_02945.png,1
train_02946.png,4
train_02947.png,1
train_02948.png,2
train_02949.png,4
train_02950.png,0
train_02951.png,3
train_02952.png,3
train_02953.png,2
train_02954.png,2
train_02955.png,4
train_02956.png,0
train_02957.png,0
train_02958.png,2
train_02959.png,4
train_02960.png,2
train_02961.png,0
train_02962.png,3
train_02963.png,3
train_02964.png,0
train_02965.png,2
train_02966.png,2
train_02967.png,1
train_02968.png,0
train_02969.png,2
train_02970.png,2
train_02971.png,1
train_02972.png,4
train_02973.png,4
train_02974.png,3
train_02975.png,3
train_02976.png,4
train_02977.png,2
train_02978.png,0
train_02979.png,1
train_02980.png,0
train_02981.png,0
train_02982.png,4
train_02983.png,2
train_02984.png,3
train_02985.png,2
train_02986.png,4
train_02987.png,3
train_02988.png,2
train_02989.png,3
train_02990.png,1
train_02991.png,3
train_02992.png,0
train_02993.png,1
train_02994.png,0
train_02995.png,0
train_02996.png,1
train_02997.png,4
train_02998.png,1
train_02999.png,1
train_03000.png,3
train_03001.png,2
train_03002.png,0
train_03003.png,0
train_03004.png,1
train_03005.png,0
train_03006.png,1
train_03007.png,1
train_03008.png,4
train_03009.png,4
train_03010.png,4
train_03011.png,3
train_03012.png,2
train_03013.png,1
train_03014.png,3
train_03015.png,1
train_03016.png,0
train_03017.png,1
train_03018.png,0
train_03019.png,2
train_03020.png,0
train_03021.png,4
train_03022.png,3
train_03023.png,0
train_03024.png,0
train_03025.png,1
train_03026.png,2
train_03027.png,0
train_03028.png,2
train_03029.png,2
train_03030.png,1
train_03031.png,1
train_03032.png,3
train_03033.png,1
train_03034.png,3
train_03035.png,1
train_03036.png,2
train_03037.png,1
train_03038.png,3
train_03039.png,0
train_03040.png,0
train_03041.png,2
train_03042.png,4
train_03043.png,0
train_03044.png,4
train_03045.png,2
train_03046.png,2
train_03047.png,1
train_03048.png,1
train_03049.png,2
train_03050.png,2
train_03051.png,0
train_03052.png,4
train_03053.png,4
train_03054.png,1
train_03055.png,0
train_03056.png,2
train_03057.png,4
train_03058.png,0
train_03059.png,1
train_03060.png,2
train_03061.png,1
train_03062.png,3
train_03063.png,0
train_03064.png,2
train_03065.png,3
train_03066.png,3
train_03067.png,3
train_03068.png,3
train_03069.png,2
train_03070.png,2
train_03071.png,1
train_03072.png,2
train_03073.png,4
train_03074.png,0
train_03075.png,1
train_03076.png,0
train_03077.png,3
train_03078.png,1
train_03079.png,1
train_03080.png,2
train_03081.png,1
train_03082.png,3
train_03083.png,4
train_03084.png,4
train_03085.png,1
train_03086.png,2
train_03087.png,0
train_03088.png,1
train_03089.png,4
train_03090.png,4
train_03091.png,3
train_03092.png,1
train_03093.png,3
train_03094.png,1
train_03095.png,0
train_03096.png,0
train_03097.png,2
train_03098.png,2
train_03099.png,2
train_03100.png,1
train_03101.png,0
train_03102.png,4
train_03103.png,1
train_03104.png,4
train_03105.png,1
train_03106.png,0
train_03107.png,3
train_03108.png,1
train_03109.png,2
train_03110.png,1
train_03111.png,3
train_03112.png,2
train_03113.png,4
train_03114.png,1
train_03115.png,0
train_03116.png,0
train_03117.png,1
train_03118.png,2
train_03119.png,4
train_03120.png,3
train_03121.png,2
train_03122.png,4
train_03123.png,2
train_03124.png,4
train_03125.png,1
train_03126.png,2
train_03127.png,2
train_03128.png,1
train_03129.png,4
train_03130.png,1
train_03131.png,4
train_03132.png,4
train_03133.png,0
train_03134.png,0
train_03135.png,3
train_03136.png,2
train_03137.png,0
train_03138.png,3
train_03139.png,4
train_03140.png,0
train_03141.png,4
train_03142.png,2
train_03143.png,1
train_03144.png,2
train_03145.png,1
train_03146.png,1
train_03147.png,0
train_03148.png,0
train_03149.png,0
train_03150.png,4
train_03151.png,2
train_03152.png,4
train_03153.png,0
train_03154.png,0
train_03155.png,4
train_03156.png,4
train_03157.png,4
train_03158.png,1
train_03159.png,4
train_03160.png,3
train_03161.png,4
train_03162.png,0
train_03163.png,2
train_03164.png,0
train_03165.png,4
train_03166.png,3
train_03167.png,2
train_03168.png,3
train_03169.png,4
train_03170.png,3
train_03171.png,3
train_03172.png,4
train_03173.png,3
train_03174.png,0
train_03175.png,0
train_03176.png,0
train_03177.png,3
train_03178.png,4
train_03179.png,0
train_03180.png,3
train_03181.png,2
train_03182.png,0
train_03183.png,1
train_03184.png,0
train_03185.png,3
train_03186.png,2
train_03187.png,1
train_03188.png,2
train_03189.png,4
train_03190.png,3
train_03191.png,3
train_03192.png,1
train_03193.png,3
train_03194.png,1
train_03195.png,2
train_03196.png,2
train_03197.png,4
train_03198.png,3
train_03199.png,4
train_03200.png,3
train_03201.png,0
train_03202.png,4
train_03203.png,0
train_03204.png,2
train_03205.png,3
train_03206.png,2
train_03207.png,3
train_03208.png,3
train_03209.png,1
train_03210.png,4
train_03211.png,2
train_03212.png,3
train_03213.png,0
train_03214.png,2
train_03215.png,0
train_03216.png,2
train_03217.png,0
train_03218.png,1
train_03219.png,4
train_03220.png,1
train_03221.png,4
train_03222.png,3
train_03223.png,3
train_03224.png,0
train_03225.png,3
train_03226.png,4
train_03227.png,0
train_03228.png,1
train_03229.png,4
train_03230.png,2
train_03231.png,1
train_03232.png,3
train_03233.png,0
train_03234.png,2
train_03235.png,1
train_03236.png,2
train_03237.png,2
train_03238.png,4
train_03239.png,1
train_03240.png,1
train_03241.png,3
train_03242.png,4
train_03243.png,1
train_03244.png,1
train_03245.png,2
train_03246.png,0
train_03247.png,0
train_03248.png,2
train_03249.png,0
train_03250.png,4
train_03251.png,4
train_03252.png,1
train_03253.png,4
train_03254.png,0
train_03255.png,2
train_03256.png,1
train_03257.png,1
train_03258.png,3
train_03259.png,3
train_03260.png,4
train_03261.png,0
train_03262.png,2
train_03263.png,1
train_03264.png,0
train_03265.png,4
train_03266.png,3
train_03267.png,4
train_03268.png,3
train_03269.png,1
train_03270.png,4
train_03271.png,3
train_03272.png,1
train_03273.png,2
train_03274.png,2
train_03275.png,3
train_03276.png,1
train_03277.png,3
train_03278.png,0
train_03279.png,0
train_03280.png,2
train_03281.png,4
train_03282.png,2
train_03283.png,2
train_03284.png,3
train_03285.png,4
train_03286.png,2
train_03287.png,0
train_03288.png,3
train_03289.png,4
train_03290.png,2
train_03291.png,4
train_03292.png,4
train_03293.png,3
train_03294.png,4
train_03295.png,0
train_03296.png,4
train_03297.png,4
train_03298.png,2
train_03299.png,3
train_03300.png,4
train_03301.png,3
train_03302.png,4
train_03303.png,3
train_03304.png,2
train_03305.png,3
train_03306.png,0
train_03307.png,3
train_03308.png,2
train_03309.png,3
train_03310.png,1
train_03311.png,4
train_03312.png,4
train_03313.png,2
train_03314.png,0
train_03315.png,4
train_03316.png,3
train_03317.png,2
train_03318.png,4
train_03319.png,4
train_03320.png,0
train_03321.png,1
train_03322.png,0
train_03323.png,1
train_03324.png,2
train_03325.png,3
train_03326.png,0
train_03327.png,0
train_03328.png,4
train_03329.png,1
train_03330.png,0
train_03331.png,3
train_03332.png,2
train_03333.png,2
train_03334.png,4
train_03335.png,2
train_03336.png,1
train_03337.png,1
train_03338.png,1
train_03339.png,3
train_03340.png,3
train_03341.png,4
train_03342.png,2
train_03343.png,0
train_03344.png,0
train_03345.png,2
train_03346.png,4
train_03347.png,1
train_03348.png,0
train_03349.png,4
train_03350.png,3
train_03351.png,3
train_03352.png,0
train_03353.png,0
train_03354.png,1
train_03355.png,2
train_03356.png,3
train_03357.png,2
train_03358.png,3
train_03359.png,2
train_03360.png,0
train_03361.png,1
train_03362.png,4
train_03363.png,2
train_03364.png,3
train_03365.png,3
train_03366.png,4
train_03367.png,0
train_03368.png,0
train_03369.png,4
train_03370.png,1
train_03371.png,1
train_03372.png,0
train_03373.png,4
train_03374.png,2
train_03375.png,0
train_03376.png,3
train_03377.png,0
train_03378.png,2
train_03379.png,2
train_03380.png,4
train_03381.png,3
train_03382.png,2
train_03383.png,1
train_03384.png,1
train_03385.png,0
train_03386.png,0
train_03387.png,4
train_03388.png,1
train_03389.png,2
train_03390.png,2
train_03391.png,0
train_03392.png,2
train_03393.png,1
train_03394.png,3
train_03395.png,3
train_03396.png,2
train_03397.png,3
train_03398.png,4
train_03399.png,2
train_03400.png,2
train_03401.png,1
train_03402.png,1
train_03403.png,4
train_03404.png,0
train_03405.png,2
train_03406.png,1
train_03407.png,4
train_03408.png,4
train_03409.png,4
train_03410.png,1
train_03411.png,2
train_03412.png,4
train_03413.png,1
train_03414.png,0
train_03415.png,2
train_03416.png,0
train_03417.png,1
train_03418.png,2
train_03419.png,1
train_03420.png,1
train_03421.png,4
train_03422.png,0
train_03423.png,3
train_03424.png,0
train_03425.png,1
train_03426.png,3
train_03427.png,1
train_03428.png,3
train_03429.png,2
train_03430.png,0
train_03431.png,1
train_03432.png,3
train_03433.png,4
train_03434.png,2
train_03435.png,4
train_03436.png,2
train_03437.png,0
train_03438.png,3
train_03439.png,3
train_03440.png,3
train_03441.png,1
train_03442.png,0
train_03443.png,1
train_03444.png,4
train_03445.png,0
train_03446.png,4
train_03447.png,1
train_03448.png,0
train_03449.png,2
train_03450.png,4
train_03451.png,2
train_03452.png,1
train_03453.png,4
train_03454.png,4
train_03455.png,4
train_03456.png,0
train_03457.png,3
train_03458.png,0
train_03459.png,0
train_03460.png,1
train_03461.png,0
train_03462.png,4
train_03463.png,2
train_03464.png,0
train_03465.png,4
train_03466.png,3
train_03467.png,0
train_03468.png,4
train_03469.png,3
train_03470.png,4
train_03471.png,4
train_03472.png,4
train_03473.png,2
train_03474.png,4
train_03475.png,1
train_03476.png,0
train_03477.png,0
train_03478.png,0
train_03479.png,3
train_03480.png,4
train_03481.png,4
train_03482.png,4
train_03483.png,3
train_03484.png,1
train_03485.png,0
train_03486.png,2
train_03487.png,3
train_03488.png,2
train_03489.png,3
train_03490.png,3
train_03491.png,1
train_03492.png,4
train_03493.png,0
train_03494.png,0
train_03495.png,4
train_03496.png,0
train_03497.png,3
train_03498.png,1
train_03499.png,2
train_03500.png,0
train_03501.png,3
train_03502.png,0
train_03503.png,1
train_03504.png,0
train_03505.png,4
train_03506.png,3
train_03507.png,3
train_03508.png,2
train_03509.png,0
train_03510.png,0
train_03511.png,2
train_03512.png,4
train_03513.png,2
train_03514.png,3
train_03515.png,1
train_03516.png,3
train_03517.png,2
train_03518.png,2
train_03519.png,3
train_03520.png,3
train_03521.png,2
train_03522.png,0
train_03523.png,4
train_03524.png,2
train_03525.png,0
train_03526.png,2
train_03527.png,0
train_03528.png,4
train_03529.png,4
train_03530.png,2
train_03531.png,4
train_03532.png,3
train_03533.png,3
train_03534.png,4
train_03535.png,0
train_03536.png,0
train_03537.png,3
train_03538.png,0
train_03539.png,2
train_03540.png,1
train_03541.png,3
train_03542.png,3
train_03543.png,0
train_03544.png,2
train_03545.png,3
train_03546.png,1
train_03547.png,0
train_03548.png,1
train_03549.png,4
train_03550.png,4
train_03551.png,1
train_03552.png,2
train_03553.png,1
train_03554.png,0
train_03555.png,4
train_03556.png,4
train_03557.png,0
train_03558.png,0
train_03559.png,3
train_03560.png,0
train_03561.png,3
train_03562.png,2
train_03563.png,4
train_03564.png,0
train_03565.png,1
train_03566.png,0
train_03567.png,2
train_03568.png,2
train_03569.png,1
train_03570.png,1
train_03571.png,0
train_03572.png,0
train_03573.png,2
train_03574.png,4
train_03575.png,3
train_03576.png,2
train_03577.png,3
train_03578.png,0
train_03579.png,3
train_03580.png,1
train_03581.png,3
train_03582.png,4
train_03583.png,0
train_03584.png,2
train_03585.png,4
train_03586.png,2
train_03587.png,2
train_03588.png,3
train_03589.png,0
train_03590.png,3
train_03591.png,3
train_03592.png,4
train_03593.png,4
train_03594.png,2
train_03595.png,1
train_03596.png,4
train_03597.png,3
train_03598.png,2
train_03599.png,0
train_03600.png,0
train_03601.png,3
train_03602.png,1
train_03603.png,2
train_03604.png,2
train_03605.png,4
train_03606.png,2
train_03607.png,3
train_03608.png,0
train_03609.png,0
train_03610.png,0
train_03611.png,3
train_03612.png,3
train_03613.png,4
train_03614.png,1
train_03615.png,4
train_03616.png,4
train_03617.png,3
train_03618.png,4
train_03619.png,4
train_03620.png,2
train_03621.png,2
train_03622.png,3
train_03623.png,1
train_03624.png,0
train_03625.png,1
train_03626.png,1
train_03627.png,4
train_03628.png,2
train_03629.png,3
train_03630.png,4
train_03631.png,2
train_03632.png,4
train_03633.png,2
train_03634.png,2
train_03635.png,3
train_03636.png,0
train_03637.png,2
train_03638.png,1
train_03639.png,1
train_03640.png,1
train_03641.png,4
train_03642.png,0
train_03643.png,4
train_03644.png,1
train_03645.png,2
train_03646.png,1
train_03647.png,0
train_03648.png,2
train_03649.png,2
train_03650.png,2
train_03651.png,1
train_03652.png,0
train_03653.png,4
train_03654.png,4
train_03655.png,0
train_03656.png,4
train_03657.png,1
train_03658.png,3
train_03659.png,0
train_03660.png,0
train_03661.png,1
train_03662.png,0
train_03663.png,3
train_03664.png,3
train_03665.png,3
train_03666.png,1
train_03667.png,1
train_03668.png,1
train_03669.png,1
train_03670.png,3
train_03671.png,2
train_03672.png,1
train_03673.png,2
train_03674.png,2
train_03675.png,1
train_03676.png,1
train_03677.png,2
train_03678.png,4
train_03679.png,4
train_03680.png,2
train_03681.png,3
train_03682.png,2
train_03683.png,1
train_03684.png,2
train_03685.png,1
train_03686.png,2
train_03687.png,3
train_03688.png,3
train_03689.png,0
train_03690.png,3
train_03691.png,0
train_03692.png,0
train_03693.png,3
train_03694.png,3
train_03695.png,3
train_03696.png,3
train_03697.png,3
train_03698.png,2
train_03699.png,3
train_03700.png,0
train_03701.png,4
train_03702.png,3
train_03703.png,4
train_03704.png,2
train_03705.png,3
train_03706.png,3
train_03707.png,1
train_03708.png,4
train_03709.png,3
train_03710.png,4
train_03711.png,1
train_03712.png,0
train_03713.png,2
train_03714.png,3
train_03715.png,3
train_03716.png,0
train_03717.png,1
train_03718.png,2
train_03719.png,3
train_03720.png,4
train_03721.png,3
train_03722.png,3
train_03723.png,2
train_03724.png,1
train_03725.png,2
train_03726.png,2
train_03727.png,2
train_03728.png,2
train_03729.png,4
train_03730.png,0
train_03731.png,4
train_03732.png,4
train_03733.png,2
train_03734.png,1
train_03735.png,3
train_03736.png,1
train_03737.png,1
train_03738.png,0
train_03739.png,0
train_03740.png,1
train_03741.png,4
train_03742.png,4
train_03743.png,1
train_03744.png,4
train_03745.png,3
train_03746.png,2
train_03747.png,2
train_03748.png,2
train_03749.png,1
train_03750.png,1
train_03751.png,3
train_03752.png,4
train_03753.png,0
train_03754.png,2
train_03755.png,2
train_03756.png,3
train_03757.png,3
train_03758.png,3
train_03759.png,1
train_03760.png,2
train_03761.png,3
train_03762.png,2
train_03763.png,2
train_03764.png,3
train_03765.png,2
train_03766.png,4
train_03767.png,2
train_03768.png,2
train_03769.png,2
train_03770.png,3
train_03771.png,3
train_03772.png,2
train_03773.png,3
train_03774.png,0
train_03775.png,3
train_03776.png,0
train_03777.png,2
train_03778.png,0
train_03779.png,2
train_03780.png,1
train_03781.png,3
train_03782.png,3
train_03783.png,4
train_03784.png,4
train_03785.png,2
train_03786.png,2
train_03787.png,0
train_03788.png,3
train_03789.png,2
train_03790.png,3
train_03791.png,2
train_03792.png,2
train_03793.png,1
train_03794.png,0
train_03795.png,0
train_03796.png,4
train_03797.png,4
train_03798.png,2
train_03799.png,0
train_03800.png,3
train_03801.png,0
train_03802.png,0
train_03803.png,4
train_03804.png,0
train_03805.png,4
train_03806.png,0
train_03807.png,3
train_03808.png,3
train_03809.png,1
train_03810.png,0
train_03811.png,0
train_03812.png,4
train_03813.png,1
train_03814.png,0
train_03815.png,2
train_03816.png,4
train_03817.png,3
train_03818.png,1
train_03819.png,3
train_03820.png,4
train_03821.png,1
train_03822.png,1
train_03823.png,4
train_03824.png,4
train_03825.png,3
train_03826.png,0
train_03827.png,0
train_03828.png,3
train_03829.png,3
train_03830.png,2
train_03831.png,0
train_03832.png,0
train_03833.png,1
train_03834.png,4
train_03835.png,2
train_03836.png,3
train_03837.png,0
train_03838.png,0
train_03839.png,1
train_03840.png,1
train_03841.png,4
train_03842.png,1
train_03843.png,1
train_03844.png,1
train_03845.png,2
train_03846.png,3
train_03847.png,2
train_03848.png,2
train_03849.png,4
train_03850.png,0
train_03851.png,0
train_03852.png,1
train_03853.png,1
train_03854.png,4
train_03855.png,4
train_03856.png,4
train_03857.png,1
train_03858.png,1
train_03859.png,1
train_03860.png,4
train_03861.png,3
train_03862.png,0
train_03863.png,0
train_03864.png,1
train_03865.png,2
train_03866.png,0
train_03867.png,4
train_03868.png,4
train_03869.png,2
train_03870.png,3
train_03871.png,2
train_03872.png,2
train_03873.png,3
train_03874.png,0
train_03875.png,1
train_03876.png,0
train_03877.png,1
train_03878.png,2
train_03879.png,3
train_03880.png,1
train_03881.png,1
train_03882.png,2
train_03883.png,4
train_03884.png,4
train_03885.png,4
train_03886.png,1
train_03887.png,2
train_03888.png,1
train_03889.png,1
train_03890.png,4
train_03891.png,3
train_03892.png,3
train_03893.png,1
train_03894.png,4
train_03895.png,2
train_03896.png,2
train_03897.png,0
train_03898.png,3
train_03899.png,1
train_03900.png,1
train_03901.png,2
train_03902.png,0
train_03903.png,1
train_03904.png,3
train_03905.png,2
train_03906.png,0
train_03907.png,1
train_03908.png,3
train_03909.png,1
train_03910.png,2
train_03911.png,3
train_03912.png,0
train_03913.png,4
train_03914.png,1
train_03915.png,4
train_03916.png,0
train_03917.png,3
train_03918.png,4
train_03919.png,1
train_03920.png,2
train_03921.png,1
train_03922.png,1
train_03923.png,2
train_03924.png,4
train_03925.png,1
train_03926.png,2
train_03927.png,3
train_03928.png,0
train_03929.png,1
train_03930.png,3
train_03931.png,4
train_03932.png,4
train_03933.png,1
train_03934.png,3
train_03935.png,1
train_03936.png,3
train_03937.png,4
train_03938.png,1
train_03939.png,3
train_03940.png,4
train_03941.png,1
train_03942.png,3
train_03943.png,0
train_03944.png,2
train_03945.png,2
train_03946.png,2
train_03947.png,3
train_03948.png,0
train_03949.png,1
train_03950.png,4
train_03951.png,1
train_03952.png,3
train_03953.png,4
train_03954.png,1
train_03955.png,4
train_03956.png,1
train_03957.png,3
train_03958.png,4
train_03959.png,0
train_03960.png,2
train_03961.png,1
train_03962.png,2
train_03963.png,3
train_03964.png,0
train_03965.png,4
train_03966.png,2
train_03967.png,3
train_03968.png,3
train_03969.png,4
train_03970.png,3
train_03971.png,0
train_03972.png,1
train_03973.png,3
train_03974.png,2
train_03975.png,0
train_03976.png,1
train_03977.png,1
train_03978.png,3
train_03979.png,3
train_03980.png,2
train_03981.png,4
train_03982.png,4
train_03983.png,3
train_03984.png,3
train_03985.png,3
train_03986.png,1
train_03987.png,4
train_03988.png,1
train_03989.png,2
train_03990.png,1
train_03991.png,3
train_03992.png,2
train_03993.png,4
train_03994.png,2
train_03995.png,3
train_03996.png,4
train_03997.png,0
train_03998.png,1
train_03999.png,1
train_04000.png,0
train_04001.png,3
train_04002.png,1
train_04003.png,1
train_04004.png,4
train_04005.png,2
train_04006.png,4
train_04007.png,0
train_04008.png,0
train_04009.png,0
train_04010.png,3
train_04011.png,3
train_04012.png,2
train_04013.png,0
train_04014.png,3
train_04015.png,4
train_04016.png,0
train_04017.png,0
train_04018.png,1
train_04019.png,2
train_04020.png,1
train_04021.png,3
train_04022.png,4
train_04023.png,1
train_04024.png,3
train_04025.png,0
train_04026.png,2
train_04027.png,0
train_04028.png,0
train_04029.png,0
train_04030.png,4
train_04031.png,1
train_04032.png,2
train_04033.png,1
train_04034.png,0
train_04035.png,3
train_04036.png,1
train_04037.png,0
train_04038.png,3
train_04039.png,3
train_04040.png,2
train_04041.png,3
train_04042.png,0
train_04043.png,1
train_04044.png,2
train_04045.png,1
train_04046.png,4
train_04047.png,0
train_04048.png,0
train_04049.png,4
train_04050.png,1
train_04051.png,4
train_04052.png,1
train_04053.png,2
train_04054.png,4
train_04055.png,3
train_04056.png,4
train_04057.png,1
train_04058.png,0
train_04059.png,2
train_04060.png,1
train_04061.png,2
train_04062.png,0
train_04063.png,2
train_04064.png,3
train_04065.png,2
train_04066.png,2
train_04067.png,2
train_04068.png,3
train_04069.png,2
train_04070.png,1
train_04071.png,3
train_04072.png,0
train_04073.png,4
train_04074.png,3
train_04075.png,3
train_04076.png,0
train_04077.png,1
train_04078.png,2
train_04079.png,1
train_04080.png,1
train_04081.png,3
train_04082.png,4
train_04083.png,1
train_04084.png,2
train_04085.png,4
train_04086.png,3
train_04087.png,1
train_04088.png,4
train_04089.png,3
train_04090.png,1
train_04091.png,1
train_04092.png,0
train_04093.png,2
train_04094.png,1
train_04095.png,2
train_04096.png,0
train_04097.png,2
train_04098.png,1
train_04099.png,2
train_04100.png,0
train_04101.png,0
train_04102.png,2
train_04103.png,1
train_04104.png,3
train_04105.png,3
train_04106.png,3
train_04107.png,2
train_04108.png,4
train_04109.png,3
train_04110.png,3
train_04111.png,4
train_04112.png,3
train_04113.png,2
train_04114.png,1
train_04115.png,4
train_04116.png,4
train_04117.png,2
train_04118.png,3
train_04119.png,4
train_04120.png,1
train_04121.png,1
train_04122.png,2
train_04123.png,4
train_04124.png,3
train_04125.png,0
train_04126.png,1
train_04127.png,2
train_04128.png,1
train_04129.png,2
train_04130.png,3
train_04131.png,4
train_04132.png,1
train_04133.png,3
train_04134.png,4
train_04135.png,3
train_04136.png,1
train_04137.png,0
train_04138.png,2
train_04139.png,0
train_04140.png,1
train_04141.png,1
train_04142.png,1
train_04143.png,2
train_04144.png,3
train_04145.png,4
train_04146.png,1
train_04147.png,3
train_04148.png,3
train_04149.png,0
train_04150.png,0
train_04151.png,3
train_04152.png,4
train_04153.png,0
train_04154.png,2
train_04155.png,0
train_04156.png,2
train_04157.png,4
train_04158.png,0
train_04159.png,0
train_04160.png,2
train_04161.png,0
train_04162.png,0
train_04163.png,1
train_04164.png,1
train_04165.png,1
train_04166.png,0
train_04167.png,3
train_04168.png,1
train_04169.png,0
train_04170.png,2
train_04171.png,2
train_04172.png,2
train_04173.png,1
train_04174.png,3
train_04175.png,2
train_04176.png,1
train_04177.png,2
train_04178.png,4
train_04179.png,1
train_04180.png,0
train_04181.png,0
train_04182.png,1
train_04183.png,1
train_04184.png,0
train_04185.png,0
train_04186.png,4
train_04187.png,4
train_04188.png,0
train_04189.png,3
train_04190.png,2
train_04191.png,1
train_04192.png,3
train_04193.png,1
train_04194.png,2
train_04195.png,3
train_04196.png,4
train_04197.png,0
train_04198.png,3
train_04199.png,4
train_04200.png,3
train_04201.png,0
train_04202.png,3
train_04203.png,1
train_04204.png,1
train_04205.png,3
train_04206.png,3
train_04207.png,4
train_04208.png,0
train_04209.png,2
train_04210.png,1
train_04211.png,2
train_04212.png,4
train_04213.png,1
train_04214.png,1
train_04215.png,2
train_04216.png,2
train_04217.png,2
train_04218.png,2
train_04219.png,2
train_04220.png,1
train_04221.png,4
train_04222.png,0
train_04223.png,1
train_04224.png,1
train_04225.png,2
train_04226.png,0
train_04227.png,2
train_04228.png,4
train_04229.png,0
train_04230.png,3
train_04231.png,3
train_04232.png,4
train_04233.png,4
train_04234.png,1
train_04235.png,3
train_04236.png,2
train_04237.png,4
train_04238.png,0
train_04239.png,0
train_04240.png,0
train_04241.png,0
train_04242.png,0
train_04243.png,1
train_04244.png,1
train_04245.png,2
train_04246.png,1
train_04247.png,2
train_04248.png,0
train_04249.png,1
train_04250.png,1
train_04251.png,0
train_04252.png,3
train_04253.png,3
train_04254.png,4
train_04255.png,4
train_04256.png,2
train_04257.png,4
train_04258.png,1
train_04259.png,4
train_04260.png,0
train_04261.png,4
train_04262.png,3
train_04263.png,2
train_04264.png,0
train_04265.png,1
train_04266.png,2
train_04267.png,1
train_04268.png,4
train_04269.png,0
train_04270.png,0
train_04271.png,2
train_04272.png,2
train_04273.png,2
train_04274.png,0
train_04275.png,2
train_04276.png,4
train_04277.png,4
train_04278.png,1
train_04279.png,3
train_04280.png,0
train_04281.png,3
train_04282.png,2
train_04283.png,2
train_04284.png,1
train_04285.png,2
train_04286.png,3
train_04287.png,1
train_04288.png,3
train_04289.png,4
train_04290.png,1
train_04291.png,1
train_04292.png,3
train_04293.png,4
train_04294.png,4
train_04295.png,1
train_04296.png,3
train_04297.png,4
train_04298.png,1
train_04299.png,4
train_04300.png,3
train_04301.png,2
train_04302.png,1
train_04303.png,4
train_04304.png,1
train_04305.png,0
train_04306.png,2
train_04307.png,2
train_04308.png,1
train_04309.png,3
train_04310.png,3
train_04311.png,4
train_04312.png,1
train_04313.png,0
train_04314.png,3
train_04315.png,4
train_04316.png,2
train_04317.png,1
train_04318.png,0
train_04319.png,3
train_04320.png,3
train_04321.png,2
train_04322.png,4
train_04323.png,3
train_04324.png,4
train_04325.png,2
train_04326.png,3
train_04327.png,1
train_04328.png,2
train_04329.png,4
train_04330.png,2
train_04331.png,2
train_04332.png,0
train_04333.png,3
train_04334.png,1
train_04335.png,2
train_04336.png,2
train_04337.png,4
train_04338.png,3
train_04339.png,2
train_04340.png,2
train_04341.png,2
train_04342.png,3
train_04343.png,0
train_04344.png,3
train_04345.png,2
train_04346.png,3
train_04347.png,3
train_04348.png,4
train_04349.png,4
train_04350.png,4
train_04351.png,2
train_04352.png,2
train_04353.png,3
train_04354.png,1
train_04355.png,4
train_04356.png,3
train_04357.png,2
train_04358.png,1
train_04359.png,4
train_04360.png,2
train_04361.png,1
train_04362.png,0
train_04363.png,2
train_04364.png,0
train_04365.png,4
train_04366.png,2
train_04367.png,2
train_04368.png,3
train_04369.png,3
train_04370.png,3
train_04371.png,4
train_04372.png,3
train_04373.png,0
train_04374.png,0
train_04375.png,3
train_04376.png,1
train_04377.png,4
train_04378.png,3
train_04379.png,1
train_04380.png,4
train_04381.png,1
train_04382.png,1
train_04383.png,1
train_04384.png,4
train_04385.png,3
train_04386.png,1
train_04387.png,4
train_04388.png,4
train_04389.png,1
train_04390.png,1
train_04391.png,4
train_04392.png,4
train_04393.png,3
train_04394.png,2
train_04395.png,1
train_04396.png,4
train_04397.png,4
train_04398.png,3
train_04399.png,2
train_04400.png,0
train_04401.png,3
train_04402.png,3
train_04403.png,3
train_04404.png,4
train_04405.png,2
train_04406.png,4
train_04407.png,2
train_04408.png,2
train_04409.png,1
train_04410.png,0
train_04411.png,3
train_04412.png,2
train_04413.png,4
train_04414.png,0
train_04415.png,3
train_04416.png,4
train_04417.png,1
train_04418.png,4
train_04419.png,2
train_04420.png,1
train_04421.png,4
train_04422.png,4
train_04423.png,3
train_04424.png,4
train_04425.png,3
train_04426.png,4
train_04427.png,4
train_04428.png,3
train_04429.png,2
train_04430.png,1
train_04431.png,2
train_04432.png,3
train_04433.png,2
train_04434.png,0
train_04435.png,3
train_04436.png,4
train_04437.png,2
train_04438.png,1
train_04439.png,4
train_04440.png,4
train_04441.png,3
train_04442.png,2
train_04443.png,1
train_04444.png,4
train_04445.png,3
train_04446.png,1
train_04447.png,3
train_04448.png,3
train_04449.png,3
train_04450.png,1
train_04451.png,0
train_04452.png,3
train_04453.png,0
train_04454.png,3
train_04455.png,1
train_04456.png,4
train_04457.png,2
train_04458.png,2
train_04459.png,1
train_04460.png,3
train_04461.png,2
train_04462.png,0
train_04463.png,2
train_04464.png,3
train_04465.png,3
train_04466.png,1
train_04467.png,1
train_04468.png,1
train_04469.png,2
train_04470.png,1
train_04471.png,3
train_04472.png,2
train_04473.png,4
train_04474.png,0
train_04475.png,1
train_04476.png,0
train_04477.png,2
train_04478.png,1
train_04479.png,1
train_04480.png,3
train_04481.png,1
train_04482.png,4
train_04483.png,2
train_04484.png,2
train_04485.png,2
train_04486.png,1
train_04487.png,3
train_04488.png,2
train_04489.png,0
train_04490.png,2
train_04491.png,3
train_04492.png,1
train_04493.png,0
train_04494.png,2
train_04495.png,2
train_04496.png,2
train_04497.png,4
train_04498.png,0
train_04499.png,4
train_04500.png,3
train_04501.png,0
train_04502.png,4
train_04503.png,1
train_04504.png,4
train_04505.png,1
train_04506.png,3
train_04507.png,1
train_04508.png,0
train_04509.png,2
train_04510.png,3
train_04511.png,0
train_04512.png,3
train_04513.png,4
train_04514.png,1
train_04515.png,0
train_04516.png,1
train_04517.png,2
train_04518.png,0
train_04519.png,2
train_04520.png,0
train_04521.png,1
train_04522.png,4
train_04523.png,1
train_04524.png,4
train_04525.png,1
train_04526.png,1
train_04527.png,2
train_04528.png,3
train_04529.png,4
train_04530.png,3
train_04531.png,1
train_04532.png,2
train_04533.png,2
train_04534.png,1
train_04535.png,1
train_04536.png,4
train_04537.png,3
train_04538.png,1
train_04539.png,2
train_04540.png,0
train_04541.png,1
train_04542.png,3
train_04543.png,3
train_04544.png,2
train_04545.png,0
train_04546.png,0
train_04547.png,2
train_04548.png,3
train_04549.png,3
train_04550.png,2
train_04551.png,4
train_04552.png,3
train_04553.png,0
train_04554.png,2
train_04555.png,3
train_04556.png,2
train_04557.png,1
train_04558.png,4
train_04559.png,0
train_04560.png,3
train_04561.png,2
train_04562.png,0
train_04563.png,1
train_04564.png,2
train_04565.png,2
train_04566.png,0
train_04567.png,0
train_04568.png,3
train_04569.png,0
train_04570.png,0
train_04571.png,4
train_04572.png,0
train_04573.png,3
train_04574.png,4
train_04575.png,1
train_04576.png,4
train_04577.png,3
train_04578.png,4
train_04579.png,3
train_04580.png,3
train_04581.png,0
train_04582.png,1
train_04583.png,2
train_04584.png,2
train_04585.png,4
train_04586.png,0
train_04587.png,0
train_04588.png,1
train_04589.png,3
train_04590.png,2
train_04591.png,0
train_04592.png,0
train_04593.png,1
train_04594.png,3
train_04595.png,1
train_04596.png,4
train_04597.png,2
train_04598.png,0
train_04599.png,0
train_04600.png,0
train_04601.png,3
train_04602.png,0
train_04603.png,4
train_04604.png,0
train_04605.png,0
train_04606.png,1
train_04607.png,2
train_04608.png,0
train_04609.png,0
train_04610.png,0
train_04611.png,0
train_04612.png,0
train_04613.png,0
train_04614.png,2
train_04615.png,0
train_04616.png,2
train_04617.png,1
train_04618.png,2
train_04619.png,4
train_04620.png,4
train_04621.png,3
train_04622.png,4
train_04623.png,2
train_04624.png,1
train_04625.png,3
train_04626.png,1
train_04627.png,2
train_04628.png,3
train_04629.png,0
train_04630.png,2
train_04631.png,0
train_04632.png,2
train_04633.png,1
train_04634.png,1
train_04635.png,2
train_04636.png,0
train_04637.png,2
train_04638.png,0
train_04639.png,4
train_04640.png,1
train_04641.png,3
train_04642.png,3
train_04643.png,1
train_04644.png,2
train_04645.png,2
train_04646.png,0
train_04647.png,1
train_04648.png,0
train_04649.png,0
train_04650.png,3
train_04651.png,4
train_04652.png,3
train_04653.png,4
train_04654.png,3
train_04655.png,3
train_04656.png,2
train_04657.png,3
train_04658.png,3
train_04659.png,0
train_04660.png,2
train_04661.png,4
train_04662.png,4
train_04663.png,1
train_04664.png,0
train_04665.png,4
train_04666.png,0
train_04667.png,2
train_04668.png,1
train_04669.png,1
train_04670.png,3
train_04671.png,4
train_04672.png,3
train_04673.png,4
train_04674.png,2
train_04675.png,3
train_04676.png,0
train_04677.png,2
train_04678.png,3
train_04679.png,4
train_04680.png,1
train_04681.png,0
train_04682.png,4
train_04683.png,2
train_04684.png,4
train_04685.png,1
train_04686.png,4
train_04687.png,0
train_04688.png,4
train_04689.png,1
train_04690.png,0
train_04691.png,2
train_04692.png,1
train_04693.png,0
train_04694.png,4
train_04695.png,0
train_04696.png,4
train_04697.png,4
train_04698.png,0
train_04699.png,1
train_04700.png,0
train_04701.png,3
train_04702.png,1
train_04703.png,0
train_04704.png,3
train_04705.png,4
train_04706.png,0
train_04707.png,3
train_04708.png,3
train_04709.png,0
train_04710.png,2
train_04711.png,1
train_04712.png,4
train_04713.png,3
train_04714.png,2
train_04715.png,3
train_04716.png,3
train_04717.png,0
train_04718.png,0
train_04719.png,1
train_04720.png,1
train_04721.png,2
train_04722.png,3
train_04723.png,0
train_04724.png,0
train_04725.png,3
train_04726.png,4
train_04727.png,0
train_04728.png,3
train_04729.png,4
train_04730.png,1
train_04731.png,1
train_04732.png,0
train_04733.png,2
train_04734.png,3
train_04735.png,1
train_04736.png,2
train_04737.png,4
train_04738.png,0
train_04739.png,2
train_04740.png,0
train_04741.png,3
train_04742.png,1
train_04743.png,1
train_04744.png,2
train_04745.png,2
train_04746.png,3
train_04747.png,1
train_04748.png,2
train_04749.png,2
train_04750.png,3
train_04751.png,4
train_04752.png,4
train_04753.png,0
train_04754.png,1
train_04755.png,4
train_04756.png,0
train_04757.png,0
train_04758.png,1
train_04759.png,1
train_04760.png,0
train_04761.png,3
train_04762.png,0
train_04763.png,1
train_04764.png,2
train_04765.png,2
train_04766.png,3
train_04767.png,0
train_04768.png,2
train_04769.png,2
train_04770.png,4
train_04771.png,0
train_04772.png,1
train_04773.png,4
train_04774.png,2
train_04775.png,3
train_04776.png,3
train_04777.png,0
train_04778.png,3
train_04779.png,4
train_04780.png,1
train_04781.png,0
train_04782.png,4
train_04783.png,3
train_04784.png,4
train_04785.png,3
train_04786.png,4
train_04787.png,3
train_04788.png,1
train_04789.png,1
train_04790.png,3
train_04791.png,2
train_04792.png,2
train_04793.png,2
train_04794.png,4
train_04795.png,1
train_04796.png,0
train_04797.png,0
train_04798.png,0
train_04799.png,0
train_04800.png,2
train_04801.png,4
train_04802.png,4
train_04803.png,2
train_04804.png,3
train_04805.png,1
train_04806.png,0
train_04807.png,2
train_04808.png,1
train_04809.png,1
train_04810.png,1
train_04811.png,4
train_04812.png,0
train_04813.png,3
train_04814.png,0
train_04815.png,4
train_04816.png,4
train_04817.png,1
train_04818.png,1
train_04819.png,3
train_04820.png,2
train_04821.png,2
train_04822.png,2
train_04823.png,2
train_04824.png,1
train_04825.png,1
train_04826.png,1
train_04827.png,3
train_04828.png,4
train_04829.png,4
train_04830.png,1
train_04831.png,1
train_04832.png,3
train_04833.png,2
train_04834.png,0
train_04835.png,0
train_04836.png,3
train_04837.png,1
train_04838.png,1
train_04839.png,1
train_04840.png,2
train_04841.png,2
train_04842.png,4
train_04843.png,1
train_04844.png,2
train_04845.png,0
train_04846.png,3
train_04847.png,2
train_04848.png,4
train_04849.png,1
train_04850.png,1
train_04851.png,2
train_04852.png,1
train_04853.png,2
train_04854.png,3
train_04855.png,2
train_04856.png,1
train_04857.png,1
train_04858.png,1
train_04859.png,2
train_04860.png,3
train_04861.png,2
train_04862.png,0
train_04863.png,3
train_04864.png,1
train_04865.png,2
train_04866.png,3
train_04867.png,4
train_04868.png,0
train_04869.png,4
train_04870.png,1
train_04871.png,0
train_04872.png,0
train_04873.png,1
train_04874.png,4
train_04875.png,0
train_04876.png,2
train_04877.png,4
train_04878.png,2
train_04879.png,0
train_04880.png,1
train_04881.png,1
train_04882.png,0
train_04883.png,0
train_04884.png,0
train_04885.png,2
train_04886.png,0
train_04887.png,1
train_04888.png,2
train_04889.png,1
train_04890.png,2
train_04891.png,4
train_04892.png,1
train_04893.png,1
train_04894.png,3
train_04895.png,0
train_04896.png,3
train_04897.png,3
train_04898.png,1
train_04899.png,2
train_04900.png,0
train_04901.png,3
train_04902.png,0
train_04903.png,3
train_04904.png,0
train_04905.png,2
train_04906.png,0
train_04907.png,0
train_04908.png,0
train_04909.png,2
train_04910.png,4
train_04911.png,2
train_04912.png,4
train_04913.png,2
train_04914.png,3
train_04915.png,2
train_04916.png,4
train_04917.png,3
train_04918.png,3
train_04919.png,2
train_04920.png,4
train_04921.png,4
train_04922.png,3
train_04923.png,2
train_04924.png,0
train_04925.png,0
train_04926.png,2
train_04927.png,4
train_04928.png,2
train_04929.png,1
train_04930.png,1
train_04931.png,2
train_04932.png,0
train_04933.png,3
train_04934.png,0
train_04935.png,0
train_04936.png,1
train_04937.png,4
train_04938.png,4
train_04939.png,2
train_04940.png,4
train_04941.png,2
train_04942.png,4
train_04943.png,3
train_04944.png,3
train_04945.png,1
train_04946.png,4
train_04947.png,3
train_04948.png,4
train_04949.png,1
train_04950.png,1
train_04951.png,1
train_04952.png,4
train_04953.png,1
train_04954.png,4
train_04955.png,1
train_04956.png,0
train_04957.png,1
train_04958.png,2
train_04959.png,0
train_04960.png,0
train_04961.png,2
train_04962.png,0
train_04963.png,4
train_04964.png,1
train_04965.png,0
train_04966.png,2
train_04967.png,4
train_04968.png,0
train_04969.png,2
train_04970.png,3
train_04971.png,0
train_04972.png,1
train_04973.png,2
train_04974.png,2
train_04975.png,3
train_04976.png,1
train_04977.png,0
train_04978.png,4
train_04979.png,3
train_04980.png,1
train_04981.png,3
train_04982.png,1
train_04983.png,0
train_04984.png,2
train_04985.png,3
train_04986.png,4
train_04987.png,1
train_04988.png,0
train_04989.png,3
train_04990.png,0
train_04991.png,4
train_04992.png,2
train_04993.png,0
train_04994.png,4
train_04995.png,4
train_04996.png,0
train_04997.png,3
train_04998.png,0
train_04999.png,0
train_05000.png,4
train_05001.png,2
train_05002.png,0
train_05003.png,1
train_05004.png,0
train_05005.png,0
train_05006.png,1
train_05007.png,1
train_05008.png,1
train_05009.png,2
train_05010.png,1
train_05011.png,1
train_05012.png,4
train_05013.png,0
train_05014.png,4
train_05015.png,2
train_05016.png,2
train_05017.png,1
train_05018.png,2
train_05019.png,3
train_05020.png,1
train_05021.png,4
train_05022.png,2
train_05023.png,0
train_05024.png,4
train_05025.png,0
train_05026.png,0
train_05027.png,2
train_05028.png,3
train_05029.png,1
train_05030.png,3
train_05031.png,0
train_05032.png,3
train_05033.png,2
train_05034.png,4
train_05035.png,2
train_05036.png,4
train_05037.png,4
train_05038.png,2
train_05039.png,1
train_05040.png,3
train_05041.png,0
train_05042.png,1
train_05043.png,0
train_05044.png,2
train_05045.png,0
train_05046.png,2
train_05047.png,3
train_05048.png,4
train_05049.png,2
train_05050.png,4
train_05051.png,4
train_05052.png,1
train_05053.png,3
train_05054.png,2
train_05055.png,2
train_05056.png,0
train_05057.png,2
train_05058.png,1
train_05059.png,2
train_05060.png,3
train_05061.png,2
train_05062.png,3
train_05063.png,2
train_05064.png,1
train_05065.png,2
train_05066.png,3
train_05067.png,4
train_05068.png,0
train_05069.png,4
train_05070.png,1
train_05071.png,2
train_05072.png,4
train_05073.png,2
train_05074.png,4
train_05075.png,4
train_05076.png,0
train_05077.png,3
train_05078.png,4
train_05079.png,3
train_05080.png,3
train_05081.png,0
train_05082.png,0
train_05083.png,4
train_05084.png,1
train_05085.png,1
train_05086.png,2
train_05087.png,0
train_05088.png,1
train_05089.png,3
train_05090.png,2
train_05091.png,1
train_05092.png,0
train_05093.png,2
train_05094.png,3
train_05095.png,1
train_05096.png,3
train_05097.png,3
train_05098.png,4
train_05099.png,1
train_05100.png,0
train_05101.png,1
train_05102.png,2
train_05103.png,2
train_05104.png,1
train_05105.png,4
train_05106.png,1
train_05107.png,0
train_05108.png,4
train_05109.png,0
train_05110.png,1
train_05111.png,1
train_05112.png,3
train_05113.png,3
train_05114.png,1
train_05115.png,2
train_05116.png,1
train_05117.png,0
train_05118.png,1
train_05119.png,1
train_05120.png,0
train_05121.png,4
train_05122.png,1
train_05123.png,0
train_05124.png,4
train_05125.png,1
train_05126.png,0
train_05127.png,3
train_05128.png,1
train_05129.png,3
train_05130.png,0
train_05131.png,4
train_05132.png,4
train_05133.png,2
train_05134.png,4
train_05135.png,1
train_05136.png,1
train_05137.png,4
train_05138.png,0
train_05139.png,1
train_05140.png,4
train_05141.png,3
train_05142.png,2
train_05143.png,1
train_05144.png,3
train_05145.png,4
train_05146.png,2
train_05147.png,2
train_05148.png,2
train_05149.png,0
train_05150.png,4
train_05151.png,1
train_05152.png,0
train_05153.png,4
train_05154.png,2
train_05155.png,3
train_05156.png,2
train_05157.png,3
train_05158.png,0
train_05159.png,2
train_05160.png,2
train_05161.png,1
train_05162.png,4
train_05163.png,0
train_05164.png,4
train_05165.png,3
train_05166.png,0
train_05167.png,2
train_05168.png,1
train_05169.png,1
train_05170.png,4
train_05171.png,2
train_05172.png,0
train_05173.png,1
train_05174.png,2
train_05175.png,0
train_05176.png,2
train_05177.png,4
train_05178.png,2
train_05179.png,0
train_05180.png,3
train_05181.png,2
train_05182.png,0
train_05183.png,0
train_05184.png,2
train_05185.png,0
train_05186.png,2
train_05187.png,4
train_05188.png,1
train_05189.png,4
train_05190.png,1
train_05191.png,0
train_05192.png,2
train_05193.png,0
train_05194.png,0
train_05195.png,4
train_05196.png,4
train_05197.png,4
train_05198.png,2
train_05199.png,3
train_05200.png,3
train_05201.png,1
train_05202.png,2
train_05203.png,0
train_05204.png,1
train_05205.png,2
train_05206.png,4
train_05207.png,0
train_05208.png,2
train_05209.png,2
train_05210.png,1
train_05211.png,2
train_05212.png,3
train_05213.png,3
train_05214.png,3
train_05215.png,1
train_05216.png,2
train_05217.png,1
train_05218.png,2
train_05219.png,2
train_05220.png,2
train_05221.png,4
train_05222.png,2
train_05223.png,3
train_05224.png,1
train_05225.png,1
train_05226.png,1
train_05227.png,4
train_05228.png,0
train_05229.png,1
train_05230.png,1
train_05231.png,1
train_05232.png,4
train_05233.png,4
train_05234.png,3
train_05235.png,4
train_05236.png,1
train_05237.png,1
train_05238.png,1
train_05239.png,2
train_05240.png,3
train_05241.png,0
train_05242.png,0
train_05243.png,2
train_05244.png,0
train_05245.png,1
train_05246.png,2
train_05247.png,2
train_05248.png,0
train_05249.png,2
train_05250.png,3
train_05251.png,0
train_05252.png,0
train_05253.png,3
train_05254.png,4
train_05255.png,0
train_05256.png,0
train_05257.png,3
train_05258.png,4
train_05259.png,2
train_05260.png,0
train_05261.png,4
train_05262.png,1
train_05263.png,0
train_05264.png,2
train_05265.png,4
train_05266.png,4
train_05267.png,3
train_05268.png,4
train_05269.png,0
train_05270.png,1
train_05271.png,3
train_05272.png,2
train_05273.png,1
train_05274.png,4
train_05275.png,4
train_05276.png,1
train_05277.png,2
train_05278.png,2
train_05279.png,3
train_05280.png,3
train_05281.png,0
train_05282.png,3
train_05283.png,0
train_05284.png,3
train_05285.png,3
train_05286.png,2
train_05287.png,0
train_05288.png,3
train_05289.png,0
train_05290.png,2
train_05291.png,0
train_05292.png,2
train_05293.png,2
train_05294.png,4
train_05295.png,0
train_05296.png,0
train_05297.png,0
train_05298.png,1
train_05299.png,0
train_05300.png,4
train_05301.png,4
train_05302.png,4
train_05303.png,0
train_05304.png,2
train_05305.png,0
train_05306.png,1
train_05307.png,4
train_05308.png,3
train_05309.png,2
train_05310.png,1
train_05311.png,4
train_05312.png,2
train_05313.png,0
train_05314.png,0
train_05315.png,0
train_05316.png,0
train_05317.png,0
train_05318.png,0
train_05319.png,2
train_05320.png,1
train_05321.png,1
train_05322.png,1
train_05323.png,2
train_05324.png,2
train_05325.png,1
train_05326.png,0
train_05327.png,3
train_05328.png,0
train_05329.png,2
train_05330.png,1
train_05331.png,2
train_05332.png,2
train_05333.png,3
train_05334.png,0
train_05335.png,3
train_05336.png,4
train_05337.png,2
train_05338.png,1
train_05339.png,0
train_05340.png,1
train_05341.png,0
train_05342.png,3
train_05343.png,1
train_05344.png,2
train_05345.png,3
train_05346.png,2
train_05347.png,1
train_05348.png,3
train_05349.png,3
train_05350.png,1
train_05351.png,3
train_05352.png,1
train_05353.png,0
train_05354.png,3
train_05355.png,2
train_05356.png,3
train_05357.png,3
train_05358.png,0
train_05359.png,1
train_05360.png,2
train_05361.png,1
train_05362.png,3
train_05363.png,4
train_05364.png,2
train_05365.png,4
train_05366.png,2
train_05367.png,1
train_05368.png,1
train_05369.png,3
train_05370.png,2
train_05371.png,3
train_05372.png,3
train_05373.png,0
train_05374.png,4
train_05375.png,1
train_05376.png,1
train_05377.png,3
train_05378.png,2
train_05379.png,0
train_05380.png,0
train_05381.png,2
train_05382.png,2
train_05383.png,2
train_05384.png,3
train_05385.png,1
train_05386.png,0
train_05387.png,4
train_05388.png,2
train_05389.png,2
train_05390.png,0
train_05391.png,0
train_05392.png,2
train_05393.png,4
train_05394.png,2
train_05395.png,1
train_05396.png,2
train_05397.png,3
train_05398.png,0
train_05399.png,0
train_05400.png,3
train_05401.png,3
train_05402.png,4
train_05403.png,3
train_05404.png,0
train_05405.png,0
train_05406.png,3
train_05407.png,2
train_05408.png,2
train_05409.png,2
train_05410.png,4
train_05411.png,1
train_05412.png,3
train_05413.png,0
train_05414.png,3
train_05415.png,1
train_05416.png,4
train_05417.png,1
train_05418.png,2
train_05419.png,1
train_05420.png,0
train_05421.png,4
train_05422.png,3
train_05423.png,4
train_05424.png,1
train_05425.png,2
train_05426.png,0
train_05427.png,1
train_05428.png,2
train_05429.png,4
train_05430.png,3
train_05431.png,1
train_05432.png,4
train_05433.png,2
train_05434.png,3
train_05435.png,2
train_05436.png,2
train_05437.png,3
train_05438.png,0
train_05439.png,0
train_05440.png,4
train_05441.png,1
train_05442.png,3
train_05443.png,0
train_05444.png,1
train_05445.png,2
train_05446.png,1
train_05447.png,1
train_05448.png,3
train_05449.png,4
train_05450.png,2
train_05451.png,4
train_05452.png,3
train_05453.png,2
train_05454.png,2
train_05455.png,2
train_05456.png,1
train_05457.png,2
train_05458.png,0
train_05459.png,1
train_05460.png,1
train_05461.png,1
train_05462.png,1
train_05463.png,1
train_05464.png,3
train_05465.png,1
train_05466.png,3
train_05467.png,4
train_05468.png,2
train_05469.png,2
train_05470.png,0
train_05471.png,0
train_05472.png,4
train_05473.png,4
train_05474.png,1
train_05475.png,0
train_05476.png,4
train_05477.png,1
train_05478.png,3
train_05479.png,4
train_05480.png,0
train_05481.png,3
train_05482.png,1
train_05483.png,0
train_05484.png,4
train_05485.png,3
train_05486.png,1
train_05487.png,2
train_05488.png,3
train_05489.png,3
train_05490.png,2
train_05491.png,4
train_05492.png,0
train_05493.png,3
train_05494.png,2
train_05495.png,0
train_05496.png,4
train_05497.png,2
train_05498.png,1
train_05499.png,3
train_05500.png,1
train_05501.png,3
train_05502.png,1
train_05503.png,0
train_05504.png,1
train_05505.png,4
train_05506.png,4
train_05507.png,4
train_05508.png,1
train_05509.png,1
train_05510.png,2
train_05511.png,4
train_05512.png,3
train_05513.png,4
train_05514.png,0
train_05515.png,1
train_05516.png,3
train_05517.png,1
train_05518.png,2
train_05519.png,3
train_05520.png,2
train_05521.png,4
train_05522.png,4
train_05523.png,2
train_05524.png,1
train_05525.png,1
train_05526.png,2
train_05527.png,1
train_05528.png,2
train_05529.png,3
train_05530.png,0
train_05531.png,0
train_05532.png,3
train_05533.png,4
train_05534.png,1
train_05535.png,1
train_05536.png,0
train_05537.png,3
train_05538.png,0
train_05539.png,0
train_05540.png,0
train_05541.png,4
train_05542.png,4
train_05543.png,1
train_05544.png,2
train_05545.png,2
train_05546.png,2
train_05547.png,1
train_05548.png,3
train_05549.png,0
train_05550.png,1
train_05551.png,3
train_05552.png,3
train_05553.png,0
train_05554.png,3
train_05555.png,0
train_05556.png,0
train_05557.png,4
train_05558.png,1
train_05559.png,2
train_05560.png,3
train_05561.png,0
train_05562.png,2
train_05563.png,4
train_05564.png,3
train_05565.png,3
train_05566.png,0
train_05567.png,0
train_05568.png,1
train_05569.png,2
train_05570.png,0
train_05571.png,0
train_05572.png,1
train_05573.png,0
train_05574.png,4
train_05575.png,3
train_05576.png,4
train_05577.png,4
train_05578.png,1
train_05579.png,0
train_05580.png,3
train_05581.png,0
train_05582.png,1
train_05583.png,3
train_05584.png,2
train_05585.png,2
train_05586.png,4
train_05587.png,2
train_05588.png,1
train_05589.png,3
train_05590.png,3
train_05591.png,0
train_05592.png,2
train_05593.png,0
train_05594.png,3
train_05595.png,4
train_05596.png,1
train_05597.png,0
train_05598.png,4
train_05599.png,0
train_05600.png,3
train_05601.png,2
train_05602.png,4
train_05603.png,4
train_05604.png,0
train_05605.png,1
train_05606.png,1
train_05607.png,4
train_05608.png,0
train_05609.png,2
train_05610.png,0
train_05611.png,4
train_05612.png,3
train_05613.png,4
train_05614.png,1
train_05615.png,0
train_05616.png,4
train_05617.png,4
train_05618.png,4
train_05619.png,3
train_05620.png,2
train_05621.png,2
train_05622.png,0
train_05623.png,3
train_05624.png,1
train_05625.png,4
train_05626.png,1
train_05627.png,1
train_05628.png,1
train_05629.png,0
train_05630.png,3
train_05631.png,2
train_05632.png,0
train_05633.png,0
train_05634.png,2
train_05635.png,1
train_05636.png,2
train_05637.png,1
train_05638.png,0
train_05639.png,4
train_05640.png,3
train_05641.png,2
train_05642.png,2
train_05643.png,3
train_05644.png,3
train_05645.png,4
train_05646.png,3
train_05647.png,1
train_05648.png,0
train_05649.png,2
train_05650.png,3
train_05651.png,1
train_05652.png,3
train_05653.png,1
train_05654.png,1
train_05655.png,1
train_05656.png,0
train_05657.png,1
train_05658.png,1
train_05659.png,0
train_05660.png,2
train_05661.png,0
train_05662.png,1
train_05663.png,1
train_05664.png,0
train_05665.png,4
train_05666.png,0
train_05667.png,0
train_05668.png,0
train_05669.png,3
train_05670.png,2
train_05671.png,3
train_05672.png,0
train_05673.png,3
train_05674.png,0
train_05675.png,2
train_05676.png,0
train_05677.png,0
train_05678.png,1
train_05679.png,0
train_05680.png,1
train_05681.png,1
train_05682.png,1
train_05683.png,1
train_05684.png,0
train_05685.png,3
train_05686.png,2
train_05687.png,0
train_05688.png,2
train_05689.png,1
train_05690.png,1
train_05691.png,1
train_05692.png,4
train_05693.png,4
train_05694.png,3
train_05695.png,3
train_05696.png,0
train_05697.png,0
train_05698.png,4
train_05699.png,2
train_05700.png,4
train_05701.png,0
train_05702.png,1
train_05703.png,1
train_05704.png,4
train_05705.png,4
train_05706.png,4
train_05707.png,3
train_05708.png,4
train_05709.png,1
train_05710.png,1
train_05711.png,4
train_05712.png,0
train_05713.png,0
train_05714.png,3
train_05715.png,1
train_05716.png,4
train_05717.png,4
train_05718.png,2
train_05719.png,2
train_05720.png,0
train_05721.png,2
train_05722.png,3
train_05723.png,2
train_05724.png,4
train_05725.png,3
train_05726.png,3
train_05727.png,0
train_05728.png,1
train_05729.png,4
train_05730.png,4
train_05731.png,3
train_05732.png,4
train_05733.png,3
train_05734.png,1
train_05735.png,2
train_05736.png,3
train_05737.png,2
train_05738.png,1
train_05739.png,0
train_05740.png,2
train_05741.png,4
train_05742.png,0
train_05743.png,1
train_05744.png,1
train_05745.png,0
train_05746.png,1
train_05747.png,1
train_05748.png,4
train_05749.png,2
train_05750.png,2
train_05751.png,0
train_05752.png,0
train_05753.png,4
train_05754.png,4
train_05755.png,3
train_05756.png,4
train_05757.png,0
train_05758.png,4
train_05759.png,0
train_05760.png,1
train_05761.png,1
train_05762.png,1
train_05763.png,2
train_05764.png,0
train_05765.png,1
train_05766.png,3
train_05767.png,0
train_05768.png,0
train_05769.png,3
train_05770.png,3
train_05771.png,0
train_05772.png,0
train_05773.png,3
train_05774.png,3
train_05775.png,2
train_05776.png,4
train_05777.png,4
train_05778.png,2
train_05779.png,4
train_05780.png,2
train_05781.png,1
train_05782.png,0
train_05783.png,1
train_05784.png,2
train_05785.png,3
train_05786.png,0
train_05787.png,4
train_05788.png,3
train_05789.png,0
train_05790.png,1
train_05791.png,0
train_05792.png,3
train_05793.png,3
train_05794.png,3
train_05795.png,4
train_05796.png,0
train_05797.png,0
train_05798.png,0
train_05799.png,3
train_05800.png,3
train_05801.png,4
train_05802.png,0
train_05803.png,3
train_05804.png,0
train_05805.png,4
train_05806.png,3
train_05807.png,1
train_05808.png,2
train_05809.png,4
train_05810.png,1
train_05811.png,0
train_05812.png,3
train_05813.png,3
train_05814.png,3
train_05815.png,1
train_05816.png,3
train_05817.png,4
train_05818.png,0
train_05819.png,2
train_05820.png,1
train_05821.png,1
train_05822.png,4
train_05823.png,3
train_05824.png,4
train_05825.png,4
train_05826.png,2
train_05827.png,1
train_05828.png,4
train_05829.png,4
train_05830.png,4
train_05831.png,4
train_05832.png,0
train_05833.png,1
train_05834.png,2
train_05835.png,0
train_05836.png,0
train_05837.png,1
train_05838.png,4
train_05839.png,4
train_05840.png,2
train_05841.png,3
train_05842.png,3
train_05843.png,1
train_05844.png,3
train_05845.png,1
train_05846.png,0
train_05847.png,3
train_05848.png,3
train_05849.png,1
train_05850.png,3
train_05851.png,3
train_05852.png,4
train_05853.png,4
train_05854.png,1
train_05855.png,3
train_05856.png,0
train_05857.png,0
train_05858.png,0
train_05859.png,3
train_05860.png,4
train_05861.png,2
train_05862.png,1
train_05863.png,1
train_05864.png,2
train_05865.png,0
train_05866.png,4
train_05867.png,3
train_05868.png,0
train_05869.png,0
train_05870.png,2
train_05871.png,0
train_05872.png,3
train_05873.png,1
train_05874.png,2
train_05875.png,4
train_05876.png,3
train_05877.png,0
train_05878.png,4
train_05879.png,2
train_05880.png,1
train_05881.png,4
train_05882.png,3
train_05883.png,1
train_05884.png,1
train_05885.png,3
train_05886.png,2
train_05887.png,0
train_05888.png,3
train_05889.png,3
train_05890.png,1
train_05891.png,3
train_05892.png,3
train_05893.png,3
train_05894.png,3
train_05895.png,0
train_05896.png,4
train_05897.png,3
train_05898.png,4
train_05899.png,1
train_05900.png,3
train_05901.png,0
train_05902.png,0
train_05903.png,0
train_05904.png,2
train_05905.png,3
train_05906.png,2
train_05907.png,3
train_05908.png,3
train_05909.png,0
train_05910.png,4
train_05911.png,2
train_05912.png,1
train_05913.png,3
train_05914.png,3
train_05915.png,4
train_05916.png,0
train_05917.png,2
train_05918.png,3
train_05919.png,0
train_05920.png,0
train_05921.png,2
train_05922.png,3
train_05923.png,0
train_05924.png,2
train_05925.png,0
train_05926.png,0
train_05927.png,4
train_05928.png,1
train_05929.png,4
train_05930.png,0
train_05931.png,0
train_05932.png,4
train_05933.png,3
train_05934.png,0
train_05935.png,4
train_05936.png,4
train_05937.png,3
train_05938.png,4
train_05939.png,1
train_05940.png,4
train_05941.png,4
train_05942.png,3
train_05943.png,2
train_05944.png,2
train_05945.png,1
train_05946.png,1
train_05947.png,0
train_05948.png,4
train_05949.png,4
train_05950.png,0
train_05951.png,0
train_05952.png,1
train_05953.png,3
train_05954.png,4
train_05955.png,4
train_05956.png,2
train_05957.png,3
train_05958.png,4
train_05959.png,4
train_05960.png,3
train_05961.png,4
train_05962.png,3
train_05963.png,3
train_05964.png,0
train_05965.png,3
train_05966.png,0
train_05967.png,2
train_05968.png,2
train_05969.png,0
train_05970.png,3
train_05971.png,2
train_05972.png,4
train_05973.png,2
train_05974.png,3
train_05975.png,2
train_05976.png,2
train_05977.png,1
train_05978.png,2
train_05979.png,0
train_05980.png,3
train_05981.png,1
train_05982.png,1
train_05983.png,4
train_05984.png,2
train_05985.png,0
train_05986.png,1
train_05987.png,4
train_05988.png,3
train_05989.png,1
train_05990.png,3
train_05991.png,1
train_05992.png,3
train_05993.png,4
train_05994.png,0
train_05995.png,1
train_05996.png,4
train_05997.png,2
train_05998.png,2
train_05999.png,4
train_06000.png,2
train_06001.png,1
train_06002.png,4
train_06003.png,4
train_06004.png,0
train_06005.png,3
train_06006.png,2
train_06007.png,2
train_06008.png,3
train_06009.png,2
train_06010.png,0
train_06011.png,1
train_06012.png,3
train_06013.png,0
train_06014.png,2
train_06015.png,2
train_06016.png,1
train_06017.png,1
train_06018.png,4
train_06019.png,0
train_06020.png,4
train_06021.png,1
train_06022.png,3
train_06023.png,2
train_06024.png,1
train_06025.png,2
train_06026.png,4
train_06027.png,1
train_06028.png,0
train_06029.png,1
train_06030.png,4
train_06031.png,4
train_06032.png,2
train_06033.png,2
train_06034.png,3
train_06035.png,0
train_06036.png,1
train_06037.png,2
train_06038.png,1
train_06039.png,3
train_06040.png,0
train_06041.png,2
train_06042.png,2
train_06043.png,2
train_06044.png,0
train_06045.png,4
train_06046.png,2
train_06047.png,2
train_06048.png,3
train_06049.png,4
train_06050.png,0
train_06051.png,2
train_06052.png,2
train_06053.png,1
train_06054.png,0
train_06055.png,4
train_06056.png,0
train_06057.png,1
train_06058.png,0
train_06059.png,1
train_06060.png,2
train_06061.png,2
train_06062.png,1
train_06063.png,3
train_06064.png,3
train_06065.png,4
train_06066.png,0
train_06067.png,4
train_06068.png,2
train_06069.png,1
train_06070.png,4
train_06071.png,2
train_06072.png,3
train_06073.png,0
train_06074.png,3
train_06075.png,0
train_06076.png,0
train_06077.png,1
train_06078.png,1
train_06079.png,1
train_06080.png,3
train_06081.png,3
train_06082.png,4
train_06083.png,3
train_06084.png,2
train_06085.png,4
train_06086.png,3
train_06087.png,2
train_06088.png,1
train_06089.png,3
train_06090.png,1
train_06091.png,2
train_06092.png,4
train_06093.png,1
train_06094.png,1
train_06095.png,0
train_06096.png,4
train_06097.png,1
train_06098.png,3
train_06099.png,2
train_06100.png,0
train_06101.png,1
train_06102.png,0
train_06103.png,0
train_06104.png,2
train_06105.png,3
train_06106.png,3
train_06107.png,4
train_06108.png,3
train_06109.png,3
train_06110.png,1
train_06111.png,4
train_06112.png,3
train_06113.png,1
train_06114.png,3
train_06115.png,1
train_06116.png,2
train_06117.png,4
train_06118.png,2
train_06119.png,1
train_06120.png,2
train_06121.png,3
train_06122.png,1
train_06123.png,0
train_06124.png,0
train_06125.png,3
train_06126.png,2
train_06127.png,2
train_06128.png,1
train_06129.png,3
train_06130.png,0
train_06131.png,3
train_06132.png,2
train_06133.png,2
train_06134.png,0
train_06135.png,0
train_06136.png,1
train_06137.png,3
train_06138.png,4
train_06139.png,2
train_06140.png,1
train_06141.png,0
train_06142.png,2
train_06143.png,0
train_06144.png,2
train_06145.png,3
train_06146.png,2
train_06147.png,2
train_06148.png,3
train_06149.png,2
train_06150.png,2
train_06151.png,2
train_06152.png,2
train_06153.png,3
train_06154.png,3
train_06155.png,3
train_06156.png,4
train_06157.png,1
train_06158.png,1
train_06159.png,3
train_06160.png,4
train_06161.png,2
train_06162.png,2
train_06163.png,1
train_06164.png,2
train_06165.png,0
train_06166.png,0
train_06167.png,3
train_06168.png,0
train_06169.png,4
train_06170.png,4
train_06171.png,1
train_06172.png,2
train_06173.png,3
train_06174.png,4
train_06175.png,1
train_06176.png,4
train_06177.png,0
train_06178.png,4
train_06179.png,3
train_06180.png,0
train_06181.png,4
train_06182.png,0
train_06183.png,4
train_06184.png,3
train_06185.png,0
train_06186.png,4
train_06187.png,3
train_06188.png,2
train_06189.png,3
train_06190.png,0
train_06191.png,0
train_06192.png,4
train_06193.png,0
train_06194.png,4
train_06195.png,4
train_06196.png,4
train_06197.png,3
train_06198.png,3
train_06199.png,2
train_06200.png,0
train_06201.png,3
train_06202.png,4
train_06203.png,3
train_06204.png,0
train_06205.png,4
train_06206.png,3
train_06207.png,2
train_06208.png,4
train_06209.png,1
train_06210.png,1
train_06211.png,1
train_06212.png,2
train_06213.png,3
train_06214.png,3
train_06215.png,4
train_06216.png,2
train_06217.png,2
train_06218.png,2
train_06219.png,0
train_06220.png,1
train_06221.png,4
train_06222.png,0
train_06223.png,2
train_06224.png,4
train_06225.png,2
train_06226.png,0
train_06227.png,3
train_06228.png,4
train_06229.png,1
train_06230.png,1
train_06231.png,2
train_06232.png,0
train_06233.png,4
train_06234.png,4
train_06235.png,2
train_06236.png,4
train_06237.png,4
train_06238.png,4
train_06239.png,0
train_06240.png,3
train_06241.png,4
train_06242.png,4
train_06243.png,1
train_06244.png,3
train_06245.png,3
train_06246.png,1
train_06247.png,4
train_06248.png,3
train_06249.png,4
train_06250.png,2
train_06251.png,4
train_06252.png,4
train_06253.png,0
train_06254.png,4
train_06255.png,0
train_06256.png,3
train_06257.png,4
train_06258.png,3
train_06259.png,4
train_06260.png,2
train_06261.png,0
train_06262.png,2
train_06263.png,4
train_06264.png,2
train_06265.png,4
train_06266.png,0
train_06267.png,4
train_06268.png,3
train_06269.png,4
train_06270.png,3
train_06271.png,0
train_06272.png,4
train_06273.png,0
train_06274.png,4
train_06275.png,2
train_06276.png,0
train_06277.png,2
train_06278.png,1
train_06279.png,3
train_06280.png,4
train_06281.png,0
train_06282.png,3
train_06283.png,1
train_06284.png,4
train_06285.png,2
train_06286.png,2
train_06287.png,2
train_06288.png,4
train_06289.png,0
train_06290.png,0
train_06291.png,4
train_06292.png,2
train_06293.png,0
train_06294.png,2
train_06295.png,2
train_06296.png,1
train_06297.png,4
train_06298.png,0
train_06299.png,3
train_06300.png,1
train_06301.png,1
train_06302.png,3
train_06303.png,1
train_06304.png,2
train_06305.png,1
train_06306.png,3
train_06307.png,4
train_06308.png,4
train_06309.png,4
train_06310.png,1
train_06311.png,0
train_06312.png,2
train_06313.png,1
train_06314.png,1
train_06315.png,3
train_06316.png,3
train_06317.png,0
train_06318.png,4
train_06319.png,4
train_06320.png,3
train_06321.png,0
train_06322.png,4
train_06323.png,3
train_06324.png,1
train_06325.png,3
train_06326.png,0
train_06327.png,4
train_06328.png,1
train_06329.png,4
train_06330.png,1
train_06331.png,1
train_06332.png,4
train_06333.png,4
train_06334.png,1
train_06335.png,0
train_06336.png,1
train_06337.png,2
train_06338.png,2
train_06339.png,2
train_06340.png,1
train_06341.png,4
train_06342.png,4
train_06343.png,1
train_06344.png,1
train_06345.png,4
train_06346.png,3
train_06347.png,4
train_06348.png,3
train_06349.png,3
train_06350.png,3
train_06351.png,0
train_06352.png,3
train_06353.png,1
train_06354.png,0
train_06355.png,0
train_06356.png,1
train_06357.png,0
train_06358.png,0
train_06359.png,1
train_06360.png,1
train_06361.png,2
train_06362.png,1
train_06363.png,2
train_06364.png,0
train_06365.png,0
train_06366.png,3
train_06367.png,2
train_06368.png,2
train_06369.png,1
train_06370.png,0
train_06371.png,0
train_06372.png,0
train_06373.png,4
train_06374.png,2
train_06375.png,1
train_06376.png,4
train_06377.png,1
train_06378.png,2
train_06379.png,1
train_06380.png,2
train_06381.png,0
train_06382.png,4
train_06383.png,3
train_06384.png,3
train_06385.png,3
train_06386.png,1
train_06387.png,0
train_06388.png,2
train_06389.png,2
train_06390.png,3
train_06391.png,4
train_06392.png,0
train_06393.png,0
train_06394.png,0
train_06395.png,0
train_06396.png,4
train_06397.png,2
train_06398.png,3
train_06399.png,4
train_06400.png,0
train_06401.png,2
train_06402.png,3
train_06403.png,4
train_06404.png,4
train_06405.png,1
train_06406.png,1
train_06407.png,3
train_06408.png,2
train_06409.png,3
train_06410.png,2
train_06411.png,1
train_06412.png,4
train_06413.png,1
train_06414.png,0
train_06415.png,0
train_06416.png,2
train_06417.png,2
train_06418.png,2
train_06419.png,2
train_06420.png,2
train_06421.png,1
train_06422.png,1
train_06423.png,2
train_06424.png,1
train_06425.png,3
train_06426.png,3
train_06427.png,0
train_06428.png,2
train_06429.png,0
train_06430.png,4
train_06431.png,0
train_06432.png,1
train_06433.png,4
train_06434.png,3
train_06435.png,3
train_06436.png,4
train_06437.png,1
train_06438.png,0
train_06439.png,4
train_06440.png,1
train_06441.png,0
train_06442.png,1
train_06443.png,1
train_06444.png,3
train_06445.png,1
train_06446.png,1
train_06447.png,4
train_06448.png,4
train_06449.png,2
train_06450.png,1
train_06451.png,2
train_06452.png,2
train_06453.png,4
train_06454.png,3
train_06455.png,3
train_06456.png,0
train_06457.png,0
train_06458.png,2
train_06459.png,0
train_06460.png,0
train_06461.png,2
train_06462.png,0
train_06463.png,2
train_06464.png,4
train_06465.png,3
train_06466.png,2
train_06467.png,2
train_06468.png,1
train_06469.png,0
train_06470.png,4
train_06471.png,2
train_06472.png,1
train_06473.png,3
train_06474.png,0
train_06475.png,4
train_06476.png,0
train_06477.png,3
train_06478.png,2
train_06479.png,3
train_06480.png,4
train_06481.png,1
train_06482.png,1
train_06483.png,3
train_06484.png,3
train_06485.png,0
train_06486.png,1
train_06487.png,1
train_06488.png,3
train_06489.png,4
train_06490.png,1
train_06491.png,4
train_06492.png,4
train_06493.png,4
train_06494.png,2
train_06495.png,4
train_06496.png,4
train_06497.png,3
train_06498.png,2
train_06499.png,2
train_06500.png,1
train_06501.png,2
train_06502.png,4
train_06503.png,0
train_06504.png,3
train_06505.png,3
train_06506.png,1
train_06507.png,3
train_06508.png,4
train_06509.png,3
train_06510.png,4
train_06511.png,4
train_06512.png,2
train_06513.png,3
train_06514.png,3
train_06515.png,2
train_06516.png,2
train_06517.png,1
train_06518.png,1
train_06519.png,2
train_06520.png,2
train_06521.png,0
train_06522.png,3
train_06523.png,1
train_06524.png,1
train_06525.png,4
train_06526.png,4
train_06527.png,4
train_06528.png,4
train_06529.png,1
train_06530.png,1
train_06531.png,3
train_06532.png,0
train_06533.png,4
train_06534.png,0
train_06535.png,3
train_06536.png,0
train_06537.png,1
train_06538.png,3
train_06539.png,4
train_06540.png,3
train_06541.png,4
train_06542.png,4
train_06543.png,1
train_06544.png,3
train_06545.png,0
train_06546.png,3
train_06547.png,4
train_06548.png,1
train_06549.png,0
train_06550.png,3
train_06551.png,1
train_06552.png,1
train_06553.png,1
train_06554.png,2
train_06555.png,1
train_06556.png,4
train_06557.png,4
train_06558.png,3
train_06559.png,3
train_06560.png,4
train_06561.png,4
train_06562.png,4
train_06563.png,0
train_06564.png,3
train_06565.png,4
train_06566.png,1
train_06567.png,2
train_06568.png,1
train_06569.png,4
train_06570.png,1
train_06571.png,4
train_06572.png,4
train_06573.png,0
train_06574.png,2
train_06575.png,0
train_06576.png,4
train_06577.png,2
train_06578.png,2
train_06579.png,3
train_06580.png,3
train_06581.png,2
train_06582.png,1
train_06583.png,2
train_06584.png,1
train_06585.png,3
train_06586.png,4
train_06587.png,1
train_06588.png,4
train_06589.png,0
train_06590.png,3
train_06591.png,1
train_06592.png,4
train_06593.png,2
train_06594.png,2
train_06595.png,2
train_06596.png,1
train_06597.png,3
train_06598.png,1
train_06599.png,0
train_06600.png,0
train_06601.png,3
train_06602.png,3
train_06603.png,2
train_06604.png,3
train_06605.png,0
train_06606.png,3
train_06607.png,0
train_06608.png,1
train_06609.png,0
train_06610.png,0
train_06611.png,2
train_06612.png,0
train_06613.png,0
train_06614.png,4
train_06615.png,2
train_06616.png,3
train_06617.png,1
train_06618.png,1
train_06619.png,0
train_06620.png,4
train_06621.png,3
train_06622.png,0
train_06623.png,0
train_06624.png,0
train_06625.png,2
train_06626.png,3
train_06627.png,2
train_06628.png,4
train_06629.png,3
train_06630.png,3
train_06631.png,4
train_06632.png,2
train_06633.png,1
train_06634.png,0
train_06635.png,4
train_06636.png,3
train_06637.png,2
train_06638.png,3
train_06639.png,3
train_06640.png,3
train_06641.png,2
train_06642.png,3
train_06643.png,3
train_06644.png,2
train_06645.png,1
train_06646.png,0
train_06647.png,4
train_06648.png,2
train_06649.png,4
train_06650.png,4
train_06651.png,4
train_06652.png,0
train_06653.png,2
train_06654.png,0
train_06655.png,1
train_06656.png,1
train_06657.png,4
train_06658.png,0
train_06659.png,0
train_06660.png,4
train_06661.png,0
train_06662.png,2
train_06663.png,4
train_06664.png,3
train_06665.png,3
train_06666.png,1
train_06667.png,0
train_06668.png,2
train_06669.png,4
train_06670.png,4
train_06671.png,0
train_06672.png,0
train_06673.png,0
train_06674.png,0
train_06675.png,4
train_06676.png,1
train_06677.png,2
train_06678.png,1
train_06679.png,3
train_06680.png,0
train_06681.png,2
train_06682.png,0
train_06683.png,4
train_06684.png,2
train_06685.png,3
train_06686.png,3
train_06687.png,0
train_06688.png,3
train_06689.png,3
train_06690.png,2
train_06691.png,0
train_06692.png,3
train_06693.png,0
train_06694.png,2
train_06695.png,3
train_06696.png,4
train_06697.png,2
train_06698.png,4
train_06699.png,2
train_06700.png,3
train_06701.png,0
train_06702.png,3
train_06703.png,0
train_06704.png,4
train_06705.png,4
train_06706.png,3
train_06707.png,3
train_06708.png,0
train_06709.png,1
train_06710.png,3
train_06711.png,1
train_06712.png,4
train_06713.png,4
train_06714.png,2
train_06715.png,2
train_06716.png,0
train_06717.png,2
train_06718.png,2
train_06719.png,2
train_06720.png,4
train_06721.png,2
train_06722.png,2
train_06723.png,0
train_06724.png,3
train_06725.png,0
train_06726.png,2
train_06727.png,2
train_06728.png,1
train_06729.png,1
train_06730.png,2
train_06731.png,1
train_06732.png,1
train_06733.png,3
train_06734.png,3
train_06735.png,1
train_06736.png,1
train_06737.png,2
train_06738.png,4
train_06739.png,0
train_06740.png,0
train_06741.png,2
train_06742.png,0
train_06743.png,3
train_06744.png,2
train_06745.png,1
train_06746.png,4
train_06747.png,2
train_06748.png,2
train_06749.png,2
train_06750.png,0
train_06751.png,3
train_06752.png,4
train_06753.png,2
train_06754.png,4
train_06755.png,4
train_06756.png,4
train_06757.png,1
train_06758.png,0
train_06759.png,1
train_06760.png,0
train_06761.png,1
train_06762.png,1
train_06763.png,2
train_06764.png,4
train_06765.png,2
train_06766.png,0
train_06767.png,1
train_06768.png,1
train_06769.png,4
train_06770.png,3
train_06771.png,3
train_06772.png,0
train_06773.png,4
train_06774.png,1
train_06775.png,0
train_06776.png,4
train_06777.png,4
train_06778.png,1
train_06779.png,3
train_06780.png,0
train_06781.png,0
train_06782.png,1
train_06783.png,1
train_06784.png,4
train_06785.png,4
train_06786.png,1
train_06787.png,3
train_06788.png,1
train_06789.png,2
train_06790.png,4
train_06791.png,0
train_06792.png,3
train_06793.png,1
train_06794.png,2
train_06795.png,3
train_06796.png,4
train_06797.png,1
train_06798.png,2
train_06799.png,3
train_06800.png,0
train_06801.png,1
train_06802.png,1
train_06803.png,0
train_06804.png,3
train_06805.png,2
train_06806.png,0
train_06807.png,3
train_06808.png,4
train_06809.png,4
train_06810.png,1
train_06811.png,2
train_06812.png,4
train_06813.png,4
train_06814.png,4
train_06815.png,4
train_06816.png,3
train_06817.png,1
train_06818.png,0
train_06819.png,2
train_06820.png,2
train_06821.png,4
train_06822.png,3
train_06823.png,0
train_06824.png,1
train_06825.png,3
train_06826.png,2
train_06827.png,1
train_06828.png,1
train_06829.png,3
train_06830.png,1
train_06831.png,4
train_06832.png,3
train_06833.png,4
train_06834.png,3
train_06835.png,3
train_06836.png,1
train_06837.png,3
train_06838.png,4
train_06839.png,1
train_06840.png,3
train_06841.png,2
train_06842.png,2
train_06843.png,0
train_06844.png,0
train_06845.png,3
train_06846.png,1
train_06847.png,3
train_06848.png,1
train_06849.png,0
train_06850.png,2
train_06851.png,4
train_06852.png,4
train_06853.png,2
train_06854.png,4
train_06855.png,3
train_06856.png,3
train_06857.png,3
train_06858.png,4
train_06859.png,0
train_06860.png,1
train_06861.png,0
train_06862.png,4
train_06863.png,2
train_06864.png,2
train_06865.png,4
train_06866.png,4
train_06867.png,2
train_06868.png,1
train_06869.png,4
train_06870.png,4
train_06871.png,3
train_06872.png,2
train_06873.png,4
train_06874.png,4
train_06875.png,1
train_06876.png,2
train_06877.png,1
train_06878.png,0
train_06879.png,0
train_06880.png,3
train_06881.png,0
train_06882.png,1
train_06883.png,3
train_06884.png,0
train_06885.png,1
train_06886.png,4
train_06887.png,1
train_06888.png,4
train_06889.png,0
train_06890.png,3
train_06891.png,4
train_06892.png,4
train_06893.png,4
train_06894.png,3
train_06895.png,3
train_06896.png,3
train_06897.png,3
train_06898.png,4
train_06899.png,1
train_06900.png,2
train_06901.png,2
train_06902.png,4
train_06903.png,3
train_06904.png,3
train_06905.png,4
train_06906.png,2
train_06907.png,2
train_06908.png,2
train_06909.png,1
train_06910.png,3
train_06911.png,1
train_06912.png,1
train_06913.png,2
train_06914.png,2
train_06915.png,4
train_06916.png,3
train_06917.png,2
train_06918.png,0
train_06919.png,2
train_06920.png,3
train_06921.png,1
train_06922.png,4
train_06923.png,4
train_06924.png,1
train_06925.png,3
train_06926.png,0
train_06927.png,4
train_06928.png,0
train_06929.png,0
train_06930.png,4
train_06931.png,0
train_06932.png,0
train_06933.png,1
train_06934.png,3
train_06935.png,2
train_06936.png,0
train_06937.png,2
train_06938.png,3
train_06939.png,1
train_06940.png,1
train_06941.png,3
train_06942.png,2
train_06943.png,2
train_06944.png,1
train_06945.png,2
train_06946.png,1
train_06947.png,4
train_06948.png,0
train_06949.png,0
train_06950.png,0
train_06951.png,1
train_06952.png,0
train_06953.png,1
train_06954.png,4
train_06955.png,1
train_06956.png,4
train_06957.png,1
train_06958.png,1
train_06959.png,0
train_06960.png,1
train_06961.png,4
train_06962.png,2
train_06963.png,3
train_06964.png,0
train_06965.png,2
train_06966.png,0
train_06967.png,1
train_06968.png,4
train_06969.png,2
train_06970.png,2
train_06971.png,0
train_06972.png,0
train_06973.png,3
train_06974.png,2
train_06975.png,3
train_06976.png,1
train_06977.png,4
train_06978.png,1
train_06979.png,4
train_06980.png,2
train_06981.png,4
train_06982.png,3
train_06983.png,0
train_06984.png,0
train_06985.png,2
train_06986.png,4
train_06987.png,2
train_06988.png,4
train_06989.png,3
train_06990.png,4
train_06991.png,3
train_06992.png,3
train_06993.png,4
train_06994.png,3
train_06995.png,2
train_06996.png,0
train_06997.png,2
train_06998.png,3
train_06999.png,3
train_07000.png,0
train_07001.png,4
train_07002.png,1
train_07003.png,1
train_07004.png,3
train_07005.png,4
train_07006.png,4
train_07007.png,1
train_07008.png,0
train_07009.png,0
train_07010.png,2
train_07011.png,2
train_07012.png,1
train_07013.png,4
train_07014.png,2
train_07015.png,2
train_07016.png,2
train_07017.png,1
train_07018.png,3
train_07019.png,3
train_07020.png,1
train_07021.png,1
train_07022.png,4
train_07023.png,2
train_07024.png,1
train_07025.png,0
train_07026.png,0
train_07027.png,3
train_07028.png,1
train_07029.png,1
train_07030.png,4
train_07031.png,0
train_07032.png,2
train_07033.png,1
train_07034.png,1
train_07035.png,1
train_07036.png,3
train_07037.png,4
train_07038.png,4
train_07039.png,0
train_07040.png,0
train_07041.png,2
train_07042.png,0
train_07043.png,0
train_07044.png,0
train_07045.png,0
train_07046.png,3
train_07047.png,0
train_07048.png,2
train_07049.png,4
train_07050.png,0
train_07051.png,1
train_07052.png,0
train_07053.png,4
train_07054.png,3
train_07055.png,0
train_07056.png,0
train_07057.png,0
train_07058.png,4
train_07059.png,4
train_07060.png,0
train_07061.png,1
train_07062.png,1
train_07063.png,4
train_07064.png,1
train_07065.png,3
train_07066.png,1
train_07067.png,2
train_07068.png,3
train_07069.png,4
train_07070.png,4
train_07071.png,1
train_07072.png,2
train_07073.png,1
train_07074.png,0
train_07075.png,3
train_07076.png,2
train_07077.png,1
train_07078.png,4
train_07079.png,4
train_07080.png,1
train_07081.png,2
train_07082.png,2
train_07083.png,0
train_07084.png,0
train_07085.png,1
train_07086.png,4
train_07087.png,2
train_07088.png,2
train_07089.png,0
train_07090.png,3
train_07091.png,4
train_07092.png,4
train_07093.png,1
train_07094.png,1
train_07095.png,2
train_07096.png,1
train_07097.png,3
train_07098.png,0
train_07099.png,4
train_07100.png,4
train_07101.png,1
train_07102.png,2
train_07103.png,1
train_07104.png,1
train_07105.png,0
train_07106.png,1
train_07107.png,2
train_07108.png,4
train_07109.png,3
train_07110.png,2
train_07111.png,3
train_07112.png,2
train_07113.png,3
train_07114.png,0
train_07115.png,2
train_07116.png,1
train_07117.png,4
train_07118.png,3
train_07119.png,3
train_07120.png,0
train_07121.png,0
train_07122.png,2
train_07123.png,3
train_07124.png,3
train_07125.png,4
train_07126.png,1
train_07127.png,0
train_07128.png,1
train_07129.png,2
train_07130.png,1
train_07131.png,0
train_07132.png,0
train_07133.png,4
train_07134.png,1
train_07135.png,3
train_07136.png,3
train_07137.png,3
train_07138.png,3
train_07139.png,2
train_07140.png,2
train_07141.png,1
train_07142.png,3
train_07143.png,0
train_07144.png,1
train_07145.png,2
train_07146.png,4
train_07147.png,2
train_07148.png,1
train_07149.png,0
train_07150.png,2
train_07151.png,1
train_07152.png,4
train_07153.png,3
train_07154.png,0
train_07155.png,1
train_07156.png,3
train_07157.png,1
train_07158.png,2
train_07159.png,1
train_07160.png,3
train_07161.png,4
train_07162.png,0
train_07163.png,0
train_07164.png,2
train_07165.png,1
train_07166.png,2
train_07167.png,0
train_07168.png,4
train_07169.png,4
train_07170.png,1
train_07171.png,1
train_07172.png,3
train_07173.png,3
train_07174.png,2
train_07175.png,1
train_07176.png,4
train_07177.png,4
train_07178.png,0
train_07179.png,1
train_07180.png,3
train_07181.png,3
train_07182.png,3
train_07183.png,4
train_07184.png,4
train_07185.png,3
train_07186.png,1
train_07187.png,4
train_07188.png,2
train_07189.png,0
train_07190.png,4
train_07191.png,1
train_07192.png,2
train_07193.png,4
train_07194.png,3
train_07195.png,0
train_07196.png,2
train_07197.png,1
train_07198.png,4
train_07199.png,4
train_07200.png,4
train_07201.png,2
train_07202.png,0
train_07203.png,2
train_07204.png,1
train_07205.png,2
train_07206.png,3
train_07207.png,1
train_07208.png,3
train_07209.png,1
train_07210.png,1
train_07211.png,4
train_07212.png,3
train_07213.png,0
train_07214.png,2
train_07215.png,2
train_07216.png,0
train_07217.png,3
train_07218.png,2
train_07219.png,0
train_07220.png,0
train_07221.png,4
train_07222.png,4
train_07223.png,1
train_07224.png,2
train_07225.png,0
train_07226.png,2
train_07227.png,4
train_07228.png,0
train_07229.png,2
train_07230.png,3
train_07231.png,2
train_07232.png,4
train_07233.png,3
train_07234.png,4
train_07235.png,2
train_07236.png,4
train_07237.png,4
train_07238.png,3
train_07239.png,1
train_07240.png,2
train_07241.png,1
train_07242.png,3
train_07243.png,3
train_07244.png,3
train_07245.png,2
train_07246.png,2
train_07247.png,0
train_07248.png,2
train_07249.png,3
train_07250.png,3
train_07251.png,0
train_07252.png,4
train_07253.png,3
train_07254.png,3
train_07255.png,1
train_07256.png,1
train_07257.png,1
train_07258.png,4
train_07259.png,2
train_07260.png,1
train_07261.png,3
train_07262.png,3
train_07263.png,2
train_07264.png,3
train_07265.png,2
train_07266.png,3
train_07267.png,2
train_07268.png,2
train_07269.png,0
train_07270.png,0
train_07271.png,2
train_07272.png,3
train_07273.png,0
train_07274.png,3
train_07275.png,0
train_07276.png,0
train_07277.png,1
train_07278.png,3
train_07279.png,0
train_07280.png,3
train_07281.png,3
train_07282.png,3
train_07283.png,2
train_07284.png,2
train_07285.png,3
train_07286.png,4
train_07287.png,3
train_07288.png,4
train_07289.png,3
train_07290.png,0
train_07291.png,0
train_07292.png,1
train_07293.png,1
train_07294.png,0
train_07295.png,1
train_07296.png,0
train_07297.png,1
train_07298.png,1
train_07299.png,2
train_07300.png,3
train_07301.png,3
train_07302.png,3
train_07303.png,4
train_07304.png,3
train_07305.png,0
train_07306.png,4
train_07307.png,2
train_07308.png,3
train_07309.png,2
train_07310.png,0
train_07311.png,2
train_07312.png,3
train_07313.png,1
train_07314.png,4
train_07315.png,2
train_07316.png,4
train_07317.png,2
train_07318.png,3
train_07319.png,2
train_07320.png,0
train_07321.png,1
train_07322.png,3
train_07323.png,2
train_07324.png,4
train_07325.png,0
train_07326.png,4
train_07327.png,1
train_07328.png,4
train_07329.png,2
train_07330.png,0
train_07331.png,3
train_07332.png,0
train_07333.png,2
train_07334.png,0
train_07335.png,0
train_07336.png,0
train_07337.png,3
train_07338.png,0
train_07339.png,0
train_07340.png,4
train_07341.png,0
train_07342.png,4
train_07343.png,0
train_07344.png,3
train_07345.png,1
train_07346.png,2
train_07347.png,0
train_07348.png,2
train_07349.png,3
train_07350.png,4
train_07351.png,1
train_07352.png,1
train_07353.png,1
train_07354.png,0
train_07355.png,4
train_07356.png,3
train_07357.png,2
train_07358.png,1
train_07359.png,2
train_07360.png,2
train_07361.png,2
train_07362.png,0
train_07363.png,0
train_07364.png,1
train_07365.png,2
train_07366.png,2
train_07367.png,4
train_07368.png,1
train_07369.png,3
train_07370.png,1
train_07371.png,4
train_07372.png,4
train_07373.png,2
train_07374.png,1
train_07375.png,2
train_07376.png,0
train_07377.png,2
train_07378.png,1
train_07379.png,0
train_07380.png,1
train_07381.png,4
train_07382.png,3
train_07383.png,2
train_07384.png,4
train_07385.png,0
train_07386.png,2
train_07387.png,0
train_07388.png,0
train_07389.png,0
train_07390.png,1
train_07391.png,4
train_07392.png,4
train_07393.png,2
train_07394.png,0
train_07395.png,2
train_07396.png,1
train_07397.png,3
train_07398.png,0
train_07399.png,0
train_07400.png,2
train_07401.png,2
train_07402.png,3
train_07403.png,4
train_07404.png,4
train_07405.png,2
train_07406.png,4
train_07407.png,2
train_07408.png,0
train_07409.png,2
train_07410.png,2
train_07411.png,1
train_07412.png,2
train_07413.png,1
train_07414.png,1
train_07415.png,4
train_07416.png,4
train_07417.png,0
train_07418.png,4
train_07419.png,2
train_07420.png,2
train_07421.png,0
train_07422.png,0
train_07423.png,1
train_07424.png,1
train_07425.png,1
train_07426.png,4
train_07427.png,4
train_07428.png,1
train_07429.png,2
train_07430.png,3
train_07431.png,4
train_07432.png,1
train_07433.png,0
train_07434.png,3
train_07435.png,2
train_07436.png,1
train_07437.png,3
train_07438.png,4
train_07439.png,4
train_07440.png,4
train_07441.png,3
train_07442.png,2
train_07443.png,2
train_07444.png,1
train_07445.png,2
train_07446.png,0
train_07447.png,0
train_07448.png,2
train_07449.png,1
train_07450.png,0
train_07451.png,2
train_07452.png,3
train_07453.png,3
train_07454.png,0
train_07455.png,1
train_07456.png,2
train_07457.png,2
train_07458.png,3
train_07459.png,0
train_07460.png,4
train_07461.png,3
train_07462.png,0
train_07463.png,3
train_07464.png,4
train_07465.png,2
train_07466.png,4
train_07467.png,1
train_07468.png,3
train_07469.png,2
train_07470.png,0
train_07471.png,3
train_07472.png,2
train_07473.png,3
train_07474.png,2
train_07475.png,0
train_07476.png,4
train_07477.png,1
train_07478.png,0
train_07479.png,0
train_07480.png,3
train_07481.png,0
train_07482.png,1
train_07483.png,3
train_07484.png,3
train_07485.png,0
train_07486.png,1
train_07487.png,0
train_07488.png,1
train_07489.png,3
train_07490.png,2
train_07491.png,2
train_07492.png,1
train_07493.png,0
train_07494.png,0
train_07495.png,0
train_07496.png,3
train_07497.png,1
train_07498.png,3
train_07499.png,1
train_07500.png,4
train_07501.png,4
train_07502.png,3
train_07503.png,0
train_07504.png,1
train_07505.png,1
train_07506.png,4
train_07507.png,0
train_07508.png,1
train_07509.png,4
train_07510.png,2
train_07511.png,1
train_07512.png,1
train_07513.png,1
train_07514.png,4
train_07515.png,0
train_07516.png,2
train_07517.png,3
train_07518.png,4
train_07519.png,2
train_07520.png,0
train_07521.png,1
train_07522.png,2
train_07523.png,1
train_07524.png,3
train_07525.png,4
train_07526.png,2
train_07527.png,4
train_07528.png,4
train_07529.png,1
train_07530.png,0
train_07531.png,1
train_07532.png,1
train_07533.png,1
train_07534.png,3
train_07535.png,2
train_07536.png,1
train_07537.png,2
train_07538.png,3
train_07539.png,1
train_07540.png,4
train_07541.png,3
train_07542.png,2
train_07543.png,1
train_07544.png,1
train_07545.png,4
train_07546.png,3
train_07547.png,4
train_07548.png,1
train_07549.png,1
train_07550.png,0
train_07551.png,1
train_07552.png,3
train_07553.png,0
train_07554.png,0
train_07555.png,1
train_07556.png,1
train_07557.png,3
train_07558.png,1
train_07559.png,4
train_07560.png,4
train_07561.png,4
train_07562.png,4
train_07563.png,4
train_07564.png,4
train_07565.png,3
train_07566.png,3
train_07567.png,4
train_07568.png,0
train_07569.png,4
train_07570.png,1
train_07571.png,1
train_07572.png,0
train_07573.png,2
train_07574.png,3
train_07575.png,1
train_07576.png,0
train_07577.png,2
train_07578.png,0
train_07579.png,1
train_07580.png,3
train_07581.png,1
train_07582.png,2
train_07583.png,0
train_07584.png,2
train_07585.png,3
train_07586.png,4
train_07587.png,1
train_07588.png,4
train_07589.png,0
train_07590.png,4
train_07591.png,0
train_07592.png,1
train_07593.png,3
train_07594.png,4
train_07595.png,3
train_07596.png,3
train_07597.png,2
train_07598.png,3
train_07599.png,4
train_07600.png,2
train_07601.png,0
train_07602.png,4
train_07603.png,1
train_07604.png,3
train_07605.png,1
train_07606.png,2
train_07607.png,3
train_07608.png,4
train_07609.png,0
train_07610.png,0
train_07611.png,1
train_07612.png,0
train_07613.png,0
train_07614.png,0
train_07615.png,1
train_07616.png,4
train_07617.png,0
train_07618.png,3
train_07619.png,4
train_07620.png,2
train_07621.png,0
train_07622.png,2
train_07623.png,4
train_07624.png,1
train_07625.png,0
train_07626.png,1
train_07627.png,2
train_07628.png,3
train_07629.png,3
train_07630.png,3
train_07631.png,0
train_07632.png,4
train_07633.png,4
train_07634.png,2
train_07635.png,1
train_07636.png,3
train_07637.png,4
train_07638.png,3
train_07639.png,4
train_07640.png,4
train_07641.png,3
train_07642.png,0
train_07643.png,2
train_07644.png,4
train_07645.png,2
train_07646.png,4
train_07647.png,2
train_07648.png,3
train_07649.png,2
train_07650.png,3
train_07651.png,1
train_07652.png,2
train_07653.png,2
train_07654.png,4
train_07655.png,1
train_07656.png,4
train_07657.png,2
train_07658.png,3
train_07659.png,4
train_07660.png,0
train_07661.png,1
train_07662.png,4
train_07663.png,0
train_07664.png,1
train_07665.png,3
train_07666.png,2
train_07667.png,2
train_07668.png,4
train_07669.png,0
train_07670.png,2
train_07671.png,0
train_07672.png,3
train_07673.png,2
train_07674.png,3
train_07675.png,3
train_07676.png,3
train_07677.png,2
train_07678.png,1
train_07679.png,1
train_07680.png,4
train_07681.png,3
train_07682.png,2
train_07683.png,4
train_07684.png,4
train_07685.png,1
train_07686.png,2
train_07687.png,1
train_07688.png,1
train_07689.png,3
train_07690.png,2
train_07691.png,1
train_07692.png,1
train_07693.png,4
train_07694.png,2
train_07695.png,4
train_07696.png,3
train_07697.png,0
train_07698.png,0
train_07699.png,3
train_07700.png,0
train_07701.png,1
train_07702.png,0
train_07703.png,2
train_07704.png,0
train_07705.png,2
train_07706.png,0
train_07707.png,1
train_07708.png,3
train_07709.png,4
train_07710.png,0
train_07711.png,3
train_07712.png,2
train_07713.png,1
train_07714.png,2
train_07715.png,2
train_07716.png,3
train_07717.png,0
train_07718.png,4
train_07719.png,4
train_07720.png,1
train_07721.png,0
train_07722.png,0
train_07723.png,1
train_07724.png,4
train_07725.png,3
train_07726.png,1
train_07727.png,4
train_07728.png,4
train_07729.png,0
train_07730.png,4
train_07731.png,0
train_07732.png,2
train_07733.png,3
train_07734.png,1
train_07735.png,0
train_07736.png,2
train_07737.png,2
train_07738.png,2
train_07739.png,3
train_07740.png,4
train_07741.png,0
train_07742.png,4
train_07743.png,3
train_07744.png,0
train_07745.png,1
train_07746.png,4
train_07747.png,1
train_07748.png,1
train_07749.png,2
train_07750.png,4
train_07751.png,3
train_07752.png,0
train_07753.png,0
train_07754.png,1
train_07755.png,1
train_07756.png,0
train_07757.png,3
train_07758.png,3
train_07759.png,1
train_07760.png,3
train_07761.png,2
train_07762.png,4
train_07763.png,4
train_07764.png,4
train_07765.png,1
train_07766.png,1
train_07767.png,0
train_07768.png,0
train_07769.png,4
train_07770.png,1
train_07771.png,3
train_07772.png,3
train_07773.png,1
train_07774.png,0
train_07775.png,2
train_07776.png,3
train_07777.png,0
train_07778.png,3
train_07779.png,4
train_07780.png,1
train_07781.png,2
train_07782.png,4
train_07783.png,0
train_07784.png,1
train_07785.png,2
train_07786.png,1
train_07787.png,1
train_07788.png,4
train_07789.png,3
train_07790.png,0
train_07791.png,1
train_07792.png,3
train_07793.png,0
train_07794.png,2
train_07795.png,3
train_07796.png,4
train_07797.png,1
train_07798.png,1
train_07799.png,0
train_07800.png,1
train_07801.png,4
train_07802.png,0
train_07803.png,1
train_07804.png,1
train_07805.png,2
train_07806.png,1
train_07807.png,2
train_07808.png,3
train_07809.png,4
train_07810.png,0
train_07811.png,2
train_07812.png,4
train_07813.png,0
train_07814.png,1
train_07815.png,0
train_07816.png,1
train_07817.png,1
train_07818.png,4
train_07819.png,1
train_07820.png,4
train_07821.png,4
train_07822.png,3
train_07823.png,2
train_07824.png,4
train_07825.png,3
train_07826.png,3
train_07827.png,0
train_07828.png,4
train_07829.png,3
train_07830.png,3
train_07831.png,3
train_07832.png,3
train_07833.png,0
train_07834.png,0
train_07835.png,0
train_07836.png,1
train_07837.png,2
train_07838.png,0
train_07839.png,3
train_07840.png,3
train_07841.png,2
train_07842.png,4
train_07843.png,1
train_07844.png,1
train_07845.png,0
train_07846.png,4
train_07847.png,2
train_07848.png,4
train_07849.png,4
train_07850.png,0
train_07851.png,1
train_07852.png,4
train_07853.png,4
train_07854.png,2
